date,exdate,strike_price,best_bid,best_offer,cp_flag,volume
2026-01-06,2026-01-06,6400000,508.63,508.63,C,0
2026-01-06,2026-01-06,6401000,507.93,507.93,C,0
2026-01-06,2026-01-06,6402000,507.0,507.0,C,0
2026-01-06,2026-01-06,6403000,506.07,506.07,C,0
2026-01-06,2026-01-06,6404000,505.13,505.13,C,0
2026-01-06,2026-01-06,6405000,503.97,503.97,C,0
2026-01-06,2026-01-06,6406000,503.03,503.03,C,0
2026-01-06,2026-01-06,6407000,502.1,502.1,C,0
2026-01-06,2026-01-06,6408000,500.93,500.93,C,0
2026-01-06,2026-01-06,6409000,500.0,500.0,C,0
2026-01-06,2026-01-06,6410000,499.06,499.06,C,0
2026-01-06,2026-01-06,6411000,498.13,498.13,C,0
2026-01-06,2026-01-06,6412000,496.96,496.96,C,0
2026-01-06,2026-01-06,6413000,496.03,496.03,C,0
2026-01-06,2026-01-06,6414000,495.1,495.1,C,0
2026-01-06,2026-01-06,6415000,493.93,493.93,C,0
2026-01-06,2026-01-06,6416000,493.0,493.0,C,0
2026-01-06,2026-01-06,6417000,492.06,492.06,C,0
2026-01-06,2026-01-06,6418000,491.13,491.13,C,0
2026-01-06,2026-01-06,6419000,489.96,489.96,C,0
2026-01-06,2026-01-06,6420000,489.03,489.03,C,0
2026-01-06,2026-01-06,6421000,488.09,488.09,C,0
2026-01-06,2026-01-06,6422000,486.93,486.93,C,0
2026-01-06,2026-01-06,6423000,485.99,485.99,C,0
2026-01-06,2026-01-06,6424000,485.06,485.06,C,0
2026-01-06,2026-01-06,6425000,484.13,484.13,C,0
2026-01-06,2026-01-06,6426000,482.96,482.96,C,0
2026-01-06,2026-01-06,6427000,482.03,482.03,C,0
2026-01-06,2026-01-06,6428000,481.09,481.09,C,0
2026-01-06,2026-01-06,6429000,479.93,479.93,C,0
2026-01-06,2026-01-06,6430000,478.99,478.99,C,0
2026-01-06,2026-01-06,6431000,478.06,478.06,C,0
2026-01-06,2026-01-06,6432000,477.12,477.12,C,0
2026-01-06,2026-01-06,6433000,475.96,475.96,C,0
2026-01-06,2026-01-06,6434000,475.02,475.02,C,0
2026-01-06,2026-01-06,6435000,474.09,474.09,C,0
2026-01-06,2026-01-06,6436000,472.92,472.92,C,0
2026-01-06,2026-01-06,6437000,471.99,471.99,C,0
2026-01-06,2026-01-06,6438000,471.06,471.06,C,0
2026-01-06,2026-01-06,6439000,470.12,470.12,C,0
2026-01-06,2026-01-06,6440000,468.96,468.96,C,0
2026-01-06,2026-01-06,6441000,468.02,468.02,C,0
2026-01-06,2026-01-06,6442000,467.09,467.09,C,0
2026-01-06,2026-01-06,6443000,465.92,465.92,C,0
2026-01-06,2026-01-06,6444000,464.99,464.99,C,0
2026-01-06,2026-01-06,6445000,464.05,464.05,C,0
2026-01-06,2026-01-06,6446000,463.12,463.12,C,0
2026-01-06,2026-01-06,6447000,461.95,461.95,C,0
2026-01-06,2026-01-06,6448000,461.02,461.02,C,0
2026-01-06,2026-01-06,6449000,460.09,460.09,C,0
2026-01-06,2026-01-06,6450000,458.92,458.92,C,0
2026-01-06,2026-01-06,6451000,457.99,457.99,C,0
2026-01-06,2026-01-06,6452000,457.05,457.05,C,0
2026-01-06,2026-01-06,6453000,456.12,456.12,C,0
2026-01-06,2026-01-06,6454000,454.95,454.95,C,0
2026-01-06,2026-01-06,6455000,454.02,454.02,C,0
2026-01-06,2026-01-06,6456000,453.08,453.08,C,0
2026-01-06,2026-01-06,6457000,451.92,451.92,C,0
2026-01-06,2026-01-06,6458000,450.98,450.98,C,0
2026-01-06,2026-01-06,6459000,450.05,450.05,C,0
2026-01-06,2026-01-06,6460000,449.12,449.12,C,0
2026-01-06,2026-01-06,6461000,447.95,447.95,C,0
2026-01-06,2026-01-06,6462000,447.02,447.02,C,0
2026-01-06,2026-01-06,6463000,446.08,446.08,C,0
2026-01-06,2026-01-06,6464000,444.91,444.91,C,0
2026-01-06,2026-01-06,6465000,443.98,443.98,C,0
2026-01-06,2026-01-06,6466000,443.05,443.05,C,0
2026-01-06,2026-01-06,6467000,442.11,442.11,C,0
2026-01-06,2026-01-06,6468000,440.95,440.95,C,0
2026-01-06,2026-01-06,6469000,440.01,440.01,C,0
2026-01-06,2026-01-06,6470000,439.08,439.08,C,0
2026-01-06,2026-01-06,6471000,437.91,437.91,C,0
2026-01-06,2026-01-06,6472000,436.98,436.98,C,0
2026-01-06,2026-01-06,6473000,436.04,436.04,C,0
2026-01-06,2026-01-06,6474000,435.11,435.11,C,0
2026-01-06,2026-01-06,6475000,433.94,433.94,C,0
2026-01-06,2026-01-06,6476000,433.01,433.01,C,0
2026-01-06,2026-01-06,6477000,432.08,432.08,C,0
2026-01-06,2026-01-06,6478000,430.91,430.91,C,0
2026-01-06,2026-01-06,6479000,429.98,429.98,C,0
2026-01-06,2026-01-06,6480000,429.04,429.04,C,0
2026-01-06,2026-01-06,6481000,428.11,428.11,C,0
2026-01-06,2026-01-06,6482000,426.94,426.94,C,0
2026-01-06,2026-01-06,6483000,426.01,426.01,C,0
2026-01-06,2026-01-06,6484000,425.07,425.07,C,0
2026-01-06,2026-01-06,6485000,423.91,423.91,C,0
2026-01-06,2026-01-06,6486000,422.97,422.97,C,0
2026-01-06,2026-01-06,6487000,422.04,422.04,C,0
2026-01-06,2026-01-06,6488000,421.11,421.11,C,0
2026-01-06,2026-01-06,6489000,419.94,419.94,C,0
2026-01-06,2026-01-06,6490000,419.01,419.01,C,0
2026-01-06,2026-01-06,6491000,418.07,418.07,C,0
2026-01-06,2026-01-06,6492000,416.91,416.91,C,0
2026-01-06,2026-01-06,6493000,415.97,415.97,C,0
2026-01-06,2026-01-06,6494000,415.04,415.04,C,0
2026-01-06,2026-01-06,6495000,414.1,414.1,C,0
2026-01-06,2026-01-06,6496000,412.94,412.94,C,0
2026-01-06,2026-01-06,6497000,412.0,412.0,C,0
2026-01-06,2026-01-06,6498000,411.07,411.07,C,0
2026-01-06,2026-01-06,6499000,409.9,409.9,C,0
2026-01-06,2026-01-06,6500000,408.97,408.97,C,0
2026-01-06,2026-01-06,6501000,408.04,408.04,C,0
2026-01-06,2026-01-06,6502000,407.1,407.1,C,0
2026-01-06,2026-01-06,6503000,405.94,405.94,C,0
2026-01-06,2026-01-06,6504000,405.0,405.0,C,0
2026-01-06,2026-01-06,6505000,404.07,404.07,C,0
2026-01-06,2026-01-06,6506000,403.13,403.13,C,0
2026-01-06,2026-01-06,6507000,401.97,401.97,C,0
2026-01-06,2026-01-06,6508000,401.03,401.03,C,0
2026-01-06,2026-01-06,6509000,400.1,400.1,C,0
2026-01-06,2026-01-06,6510000,398.93,398.93,C,0
2026-01-06,2026-01-06,6511000,398.0,398.0,C,0
2026-01-06,2026-01-06,6512000,397.07,397.07,C,0
2026-01-06,2026-01-06,6513000,396.13,396.13,C,0
2026-01-06,2026-01-06,6514000,394.97,394.97,C,0
2026-01-06,2026-01-06,6515000,394.03,394.03,C,0
2026-01-06,2026-01-06,6516000,393.1,393.1,C,0
2026-01-06,2026-01-06,6517000,391.93,391.93,C,0
2026-01-06,2026-01-06,6518000,391.0,391.0,C,0
2026-01-06,2026-01-06,6519000,390.06,390.06,C,0
2026-01-06,2026-01-06,6520000,389.13,389.13,C,0
2026-01-06,2026-01-06,6521000,387.96,387.96,C,0
2026-01-06,2026-01-06,6522000,387.03,387.03,C,0
2026-01-06,2026-01-06,6523000,386.1,386.1,C,0
2026-01-06,2026-01-06,6524000,384.93,384.93,C,0
2026-01-06,2026-01-06,6525000,384.0,384.0,C,0
2026-01-06,2026-01-06,6526000,383.06,383.06,C,0
2026-01-06,2026-01-06,6527000,382.13,382.13,C,0
2026-01-06,2026-01-06,6528000,380.96,380.96,C,0
2026-01-06,2026-01-06,6529000,380.03,380.03,C,0
2026-01-06,2026-01-06,6530000,379.09,379.09,C,0
2026-01-06,2026-01-06,6531000,377.93,377.93,C,0
2026-01-06,2026-01-06,6532000,376.99,376.99,C,0
2026-01-06,2026-01-06,6533000,376.06,376.06,C,0
2026-01-06,2026-01-06,6534000,375.13,375.13,C,0
2026-01-06,2026-01-06,6535000,373.96,373.96,C,0
2026-01-06,2026-01-06,6536000,373.03,373.03,C,0
2026-01-06,2026-01-06,6537000,372.09,372.09,C,0
2026-01-06,2026-01-06,6538000,370.93,370.93,C,0
2026-01-06,2026-01-06,6539000,369.99,369.99,C,0
2026-01-06,2026-01-06,6540000,369.06,369.06,C,0
2026-01-06,2026-01-06,6541000,368.12,368.12,C,0
2026-01-06,2026-01-06,6542000,366.96,366.96,C,0
2026-01-06,2026-01-06,6543000,366.02,366.02,C,0
2026-01-06,2026-01-06,6544000,365.09,365.09,C,0
2026-01-06,2026-01-06,6545000,363.92,363.92,C,0
2026-01-06,2026-01-06,6546000,362.99,362.99,C,0
2026-01-06,2026-01-06,6547000,362.06,362.06,C,0
2026-01-06,2026-01-06,6548000,361.12,361.12,C,0
2026-01-06,2026-01-06,6549000,359.96,359.96,C,0
2026-01-06,2026-01-06,6550000,359.02,359.02,C,0
2026-01-06,2026-01-06,6551000,358.09,358.09,C,0
2026-01-06,2026-01-06,6552000,356.92,356.92,C,0
2026-01-06,2026-01-06,6553000,355.99,355.99,C,0
2026-01-06,2026-01-06,6554000,355.05,355.05,C,0
2026-01-06,2026-01-06,6555000,354.12,354.12,C,0
2026-01-06,2026-01-06,6556000,352.95,352.95,C,0
2026-01-06,2026-01-06,6557000,352.02,352.02,C,0
2026-01-06,2026-01-06,6558000,351.09,351.09,C,0
2026-01-06,2026-01-06,6559000,349.92,349.92,C,0
2026-01-06,2026-01-06,6560000,348.99,348.99,C,0
2026-01-06,2026-01-06,6561000,348.05,348.05,C,0
2026-01-06,2026-01-06,6562000,347.12,347.12,C,0
2026-01-06,2026-01-06,6563000,345.95,345.95,C,0
2026-01-06,2026-01-06,6564000,345.02,345.02,C,0
2026-01-06,2026-01-06,6565000,344.08,344.08,C,0
2026-01-06,2026-01-06,6566000,342.92,342.92,C,0
2026-01-06,2026-01-06,6567000,341.98,341.98,C,0
2026-01-06,2026-01-06,6568000,341.05,341.05,C,0
2026-01-06,2026-01-06,6569000,340.12,340.12,C,0
2026-01-06,2026-01-06,6570000,338.95,338.95,C,0
2026-01-06,2026-01-06,6571000,338.02,338.02,C,0
2026-01-06,2026-01-06,6572000,337.08,337.08,C,0
2026-01-06,2026-01-06,6573000,335.91,335.91,C,0
2026-01-06,2026-01-06,6574000,334.98,334.98,C,0
2026-01-06,2026-01-06,6575000,334.05,334.05,C,0
2026-01-06,2026-01-06,6576000,333.11,333.11,C,0
2026-01-06,2026-01-06,6577000,331.95,331.95,C,0
2026-01-06,2026-01-06,6578000,331.01,331.01,C,0
2026-01-06,2026-01-06,6579000,330.08,330.08,C,0
2026-01-06,2026-01-06,6580000,328.91,328.91,C,0
2026-01-06,2026-01-06,6581000,327.98,327.98,C,0
2026-01-06,2026-01-06,6582000,327.05,327.05,C,0
2026-01-06,2026-01-06,6583000,326.11,326.11,C,0
2026-01-06,2026-01-06,6584000,324.94,324.94,C,0
2026-01-06,2026-01-06,6585000,324.01,324.01,C,0
2026-01-06,2026-01-06,6586000,323.08,323.08,C,0
2026-01-06,2026-01-06,6587000,321.91,321.91,C,0
2026-01-06,2026-01-06,6588000,320.98,320.98,C,0
2026-01-06,2026-01-06,6589000,320.04,320.04,C,0
2026-01-06,2026-01-06,6590000,319.11,319.11,C,0
2026-01-06,2026-01-06,6591000,317.94,317.94,C,0
2026-01-06,2026-01-06,6592000,317.01,317.01,C,0
2026-01-06,2026-01-06,6593000,316.08,316.08,C,0
2026-01-06,2026-01-06,6594000,314.91,314.91,C,0
2026-01-06,2026-01-06,6595000,313.97,313.97,C,0
2026-01-06,2026-01-06,6596000,313.04,313.04,C,0
2026-01-06,2026-01-06,6597000,312.11,312.11,C,0
2026-01-06,2026-01-06,6598000,310.94,310.94,C,0
2026-01-06,2026-01-06,6599000,310.01,310.01,C,0
2026-01-06,2026-01-06,6600000,309.07,309.07,C,0
2026-01-06,2026-01-06,6601000,308.14,308.14,C,0
2026-01-06,2026-01-06,6602000,306.97,306.97,C,0
2026-01-06,2026-01-06,6603000,306.04,306.04,C,0
2026-01-06,2026-01-06,6604000,305.11,305.11,C,0
2026-01-06,2026-01-06,6605000,303.94,303.94,C,0
2026-01-06,2026-01-06,6606000,303.0,303.0,C,0
2026-01-06,2026-01-06,6607000,302.07,302.07,C,0
2026-01-06,2026-01-06,6608000,301.14,301.14,C,0
2026-01-06,2026-01-06,6609000,299.97,299.97,C,0
2026-01-06,2026-01-06,6610000,299.04,299.04,C,0
2026-01-06,2026-01-06,6611000,298.1,298.1,C,0
2026-01-06,2026-01-06,6612000,296.94,296.94,C,0
2026-01-06,2026-01-06,6613000,296.0,296.0,C,0
2026-01-06,2026-01-06,6614000,295.07,295.07,C,0
2026-01-06,2026-01-06,6615000,294.14,294.14,C,0
2026-01-06,2026-01-06,6616000,292.97,292.97,C,0
2026-01-06,2026-01-06,6617000,292.03,292.03,C,0
2026-01-06,2026-01-06,6618000,291.1,291.1,C,0
2026-01-06,2026-01-06,6619000,289.93,289.93,C,0
2026-01-06,2026-01-06,6620000,289.0,289.0,C,0
2026-01-06,2026-01-06,6621000,288.07,288.07,C,0
2026-01-06,2026-01-06,6622000,287.13,287.13,C,0
2026-01-06,2026-01-06,6623000,285.97,285.97,C,0
2026-01-06,2026-01-06,6624000,285.03,285.03,C,0
2026-01-06,2026-01-06,6625000,284.1,284.1,C,0
2026-01-06,2026-01-06,6626000,282.93,282.93,C,0
2026-01-06,2026-01-06,6627000,282.0,282.0,C,0
2026-01-06,2026-01-06,6628000,281.06,281.06,C,0
2026-01-06,2026-01-06,6629000,280.13,280.13,C,0
2026-01-06,2026-01-06,6630000,278.96,278.96,C,0
2026-01-06,2026-01-06,6631000,278.03,278.03,C,0
2026-01-06,2026-01-06,6632000,277.1,277.1,C,0
2026-01-06,2026-01-06,6633000,275.93,275.93,C,0
2026-01-06,2026-01-06,6634000,275.0,275.0,C,0
2026-01-06,2026-01-06,6635000,274.06,274.06,C,0
2026-01-06,2026-01-06,6636000,273.13,273.13,C,0
2026-01-06,2026-01-06,6637000,271.96,271.96,C,0
2026-01-06,2026-01-06,6638000,271.03,271.03,C,0
2026-01-06,2026-01-06,6639000,270.09,270.09,C,0
2026-01-06,2026-01-06,6640000,268.93,268.93,C,0
2026-01-06,2026-01-06,6641000,267.99,267.99,C,0
2026-01-06,2026-01-06,6642000,267.06,267.06,C,0
2026-01-06,2026-01-06,6643000,266.13,266.13,C,0
2026-01-06,2026-01-06,6644000,264.96,264.96,C,0
2026-01-06,2026-01-06,6645000,264.03,264.03,C,0
2026-01-06,2026-01-06,6646000,263.09,263.09,C,0
2026-01-06,2026-01-06,6647000,261.93,261.93,C,0
2026-01-06,2026-01-06,6648000,260.99,260.99,C,0
2026-01-06,2026-01-06,6649000,260.06,260.06,C,0
2026-01-06,2026-01-06,6650000,259.12,259.12,C,0
2026-01-06,2026-01-06,6651000,257.96,257.96,C,0
2026-01-06,2026-01-06,6652000,257.02,257.02,C,0
2026-01-06,2026-01-06,6653000,256.09,256.09,C,0
2026-01-06,2026-01-06,6654000,254.92,254.92,C,0
2026-01-06,2026-01-06,6655000,253.99,253.99,C,0
2026-01-06,2026-01-06,6656000,253.06,253.06,C,0
2026-01-06,2026-01-06,6657000,252.12,252.12,C,0
2026-01-06,2026-01-06,6658000,250.96,250.96,C,0
2026-01-06,2026-01-06,6659000,250.02,250.02,C,0
2026-01-06,2026-01-06,6660000,249.09,249.09,C,0
2026-01-06,2026-01-06,6661000,247.92,247.92,C,0
2026-01-06,2026-01-06,6662000,246.99,246.99,C,0
2026-01-06,2026-01-06,6663000,246.05,246.05,C,0
2026-01-06,2026-01-06,6664000,245.12,245.12,C,0
2026-01-06,2026-01-06,6665000,243.95,243.95,C,0
2026-01-06,2026-01-06,6666000,243.02,243.02,C,0
2026-01-06,2026-01-06,6667000,242.09,242.09,C,0
2026-01-06,2026-01-06,6668000,240.92,240.92,C,0
2026-01-06,2026-01-06,6669000,239.99,239.99,C,0
2026-01-06,2026-01-06,6670000,239.05,239.05,C,0
2026-01-06,2026-01-06,6671000,238.12,238.12,C,0
2026-01-06,2026-01-06,6672000,236.95,236.95,C,0
2026-01-06,2026-01-06,6673000,236.02,236.02,C,0
2026-01-06,2026-01-06,6674000,235.08,235.08,C,0
2026-01-06,2026-01-06,6675000,233.92,233.92,C,0
2026-01-06,2026-01-06,6676000,232.98,232.98,C,0
2026-01-06,2026-01-06,6677000,232.05,232.05,C,0
2026-01-06,2026-01-06,6678000,231.12,231.12,C,0
2026-01-06,2026-01-06,6679000,229.95,229.95,C,0
2026-01-06,2026-01-06,6680000,229.02,229.02,C,0
2026-01-06,2026-01-06,6681000,228.08,228.08,C,0
2026-01-06,2026-01-06,6682000,226.91,226.91,C,0
2026-01-06,2026-01-06,6683000,225.98,225.98,C,0
2026-01-06,2026-01-06,6684000,225.05,225.05,C,0
2026-01-06,2026-01-06,6685000,224.11,224.11,C,0
2026-01-06,2026-01-06,6686000,222.95,222.95,C,0
2026-01-06,2026-01-06,6687000,222.01,222.01,C,0
2026-01-06,2026-01-06,6688000,221.08,221.08,C,0
2026-01-06,2026-01-06,6689000,219.91,219.91,C,0
2026-01-06,2026-01-06,6690000,218.98,218.98,C,0
2026-01-06,2026-01-06,6691000,218.05,218.05,C,0
2026-01-06,2026-01-06,6692000,217.11,217.11,C,0
2026-01-06,2026-01-06,6693000,215.94,215.94,C,0
2026-01-06,2026-01-06,6694000,215.01,215.01,C,0
2026-01-06,2026-01-06,6695000,214.08,214.08,C,0
2026-01-06,2026-01-06,6696000,212.91,212.91,C,0
2026-01-06,2026-01-06,6697000,211.98,211.98,C,0
2026-01-06,2026-01-06,6698000,211.04,211.04,C,0
2026-01-06,2026-01-06,6699000,210.11,210.11,C,0
2026-01-06,2026-01-06,6700000,208.94,208.94,C,0
2026-01-06,2026-01-06,6701000,208.01,208.01,C,0
2026-01-06,2026-01-06,6702000,207.08,207.08,C,0
2026-01-06,2026-01-06,6703000,206.14,206.14,C,0
2026-01-06,2026-01-06,6704000,204.97,204.97,C,0
2026-01-06,2026-01-06,6705000,204.04,204.04,C,0
2026-01-06,2026-01-06,6706000,203.11,203.11,C,0
2026-01-06,2026-01-06,6707000,201.94,201.94,C,0
2026-01-06,2026-01-06,6708000,201.01,201.01,C,0
2026-01-06,2026-01-06,6709000,200.07,200.07,C,0
2026-01-06,2026-01-06,6710000,199.14,199.14,C,0
2026-01-06,2026-01-06,6711000,197.97,197.97,C,0
2026-01-06,2026-01-06,6712000,197.04,197.04,C,0
2026-01-06,2026-01-06,6713000,196.11,196.11,C,0
2026-01-06,2026-01-06,6714000,194.94,194.94,C,0
2026-01-06,2026-01-06,6715000,194.01,194.01,C,0
2026-01-06,2026-01-06,6716000,193.07,193.07,C,0
2026-01-06,2026-01-06,6717000,192.14,192.14,C,0
2026-01-06,2026-01-06,6718000,190.97,190.97,C,0
2026-01-06,2026-01-06,6719000,190.04,190.04,C,0
2026-01-06,2026-01-06,6720000,189.1,189.1,C,0
2026-01-06,2026-01-06,6721000,187.94,187.94,C,0
2026-01-06,2026-01-06,6722000,187.0,187.0,C,0
2026-01-06,2026-01-06,6723000,186.07,186.07,C,0
2026-01-06,2026-01-06,6724000,185.14,185.14,C,0
2026-01-06,2026-01-06,6725000,183.97,183.97,C,0
2026-01-06,2026-01-06,6726000,183.04,183.04,C,0
2026-01-06,2026-01-06,6727000,182.1,182.1,C,0
2026-01-06,2026-01-06,6728000,180.94,180.94,C,0
2026-01-06,2026-01-06,6729000,180.0,180.0,C,0
2026-01-06,2026-01-06,6730000,179.07,179.07,C,0
2026-01-06,2026-01-06,6731000,178.14,178.14,C,0
2026-01-06,2026-01-06,6732000,176.97,176.97,C,0
2026-01-06,2026-01-06,6733000,176.04,176.04,C,0
2026-01-06,2026-01-06,6734000,175.1,175.1,C,0
2026-01-06,2026-01-06,6735000,173.94,173.94,C,0
2026-01-06,2026-01-06,6736000,173.0,173.0,C,0
2026-01-06,2026-01-06,6737000,172.07,172.07,C,0
2026-01-06,2026-01-06,6738000,171.14,171.14,C,0
2026-01-06,2026-01-06,6739000,169.97,169.97,C,0
2026-01-06,2026-01-06,6740000,169.04,169.04,C,0
2026-01-06,2026-01-06,6741000,168.1,168.1,C,0
2026-01-06,2026-01-06,6742000,166.94,166.94,C,0
2026-01-06,2026-01-06,6743000,166.0,166.0,C,0
2026-01-06,2026-01-06,6744000,165.07,165.07,C,0
2026-01-06,2026-01-06,6745000,164.14,164.14,C,0
2026-01-06,2026-01-06,6746000,162.97,162.97,C,0
2026-01-06,2026-01-06,6747000,162.04,162.04,C,0
2026-01-06,2026-01-06,6748000,161.1,161.1,C,0
2026-01-06,2026-01-06,6749000,159.94,159.94,C,0
2026-01-06,2026-01-06,6750000,159.0,159.0,C,0
2026-01-06,2026-01-06,6751000,158.07,158.07,C,0
2026-01-06,2026-01-06,6752000,157.14,157.14,C,0
2026-01-06,2026-01-06,6753000,155.97,155.97,C,0
2026-01-06,2026-01-06,6754000,155.04,155.04,C,0
2026-01-06,2026-01-06,6755000,154.1,154.1,C,0
2026-01-06,2026-01-06,6756000,152.94,152.94,C,0
2026-01-06,2026-01-06,6757000,152.01,152.01,C,0
2026-01-06,2026-01-06,6758000,151.07,151.07,C,0
2026-01-06,2026-01-06,6759000,150.14,150.14,C,0
2026-01-06,2026-01-06,6760000,148.97,148.97,C,0
2026-01-06,2026-01-06,6761000,148.04,148.04,C,0
2026-01-06,2026-01-06,6762000,147.11,147.11,C,0
2026-01-06,2026-01-06,6763000,145.94,145.94,C,0
2026-01-06,2026-01-06,6764000,145.01,145.01,C,0
2026-01-06,2026-01-06,6765000,144.08,144.08,C,0
2026-01-06,2026-01-06,6766000,143.15,143.15,C,0
2026-01-06,2026-01-06,6767000,141.98,141.98,C,0
2026-01-06,2026-01-06,6768000,141.05,141.05,C,0
2026-01-06,2026-01-06,6769000,140.12,140.12,C,0
2026-01-06,2026-01-06,6770000,138.95,138.95,C,0
2026-01-06,2026-01-06,6771000,138.02,138.02,C,0
2026-01-06,2026-01-06,6772000,137.09,137.09,C,0
2026-01-06,2026-01-06,6773000,136.16,136.16,C,0
2026-01-06,2026-01-06,6774000,134.99,134.99,C,0
2026-01-06,2026-01-06,6775000,134.06,134.06,C,0
2026-01-06,2026-01-06,6776000,133.13,133.13,C,0
2026-01-06,2026-01-06,6777000,131.97,131.97,C,0
2026-01-06,2026-01-06,6778000,131.04,131.04,C,0
2026-01-06,2026-01-06,6779000,130.11,130.11,C,0
2026-01-06,2026-01-06,6780000,129.18,129.18,C,0
2026-01-06,2026-01-06,6781000,128.01,128.01,C,0
2026-01-06,2026-01-06,6782000,127.08,127.08,C,0
2026-01-06,2026-01-06,6783000,126.15,126.15,C,0
2026-01-06,2026-01-06,6784000,124.99,124.99,C,0
2026-01-06,2026-01-06,6785000,124.06,124.06,C,0
2026-01-06,2026-01-06,6786000,123.13,123.13,C,0
2026-01-06,2026-01-06,6787000,122.2,122.2,C,0
2026-01-06,2026-01-06,6788000,121.04,121.04,C,0
2026-01-06,2026-01-06,6789000,120.11,120.11,C,0
2026-01-06,2026-01-06,6790000,119.19,119.19,C,0
2026-01-06,2026-01-06,6791000,118.03,118.03,C,0
2026-01-06,2026-01-06,6792000,117.1,117.1,C,0
2026-01-06,2026-01-06,6793000,116.17,116.17,C,0
2026-01-06,2026-01-06,6794000,115.24,115.24,C,0
2026-01-06,2026-01-06,6795000,114.09,114.09,C,0
2026-01-06,2026-01-06,6796000,113.16,113.16,C,0
2026-01-06,2026-01-06,6797000,112.23,112.23,C,0
2026-01-06,2026-01-06,6798000,111.08,111.08,C,0
2026-01-06,2026-01-06,6799000,110.15,110.15,C,0
2026-01-06,2026-01-06,6800000,109.23,109.23,C,0
2026-01-06,2026-01-06,6801000,108.3,108.3,C,0
2026-01-06,2026-01-06,6802000,107.15,107.15,C,0
2026-01-06,2026-01-06,6803000,106.23,106.23,C,0
2026-01-06,2026-01-06,6804000,105.3,105.3,C,0
2026-01-06,2026-01-06,6805000,104.38,104.38,C,0
2026-01-06,2026-01-06,6806000,103.23,103.23,C,0
2026-01-06,2026-01-06,6807000,102.31,102.31,C,0
2026-01-06,2026-01-06,6808000,101.39,101.39,C,0
2026-01-06,2026-01-06,6809000,100.24,100.24,C,0
2026-01-06,2026-01-06,6810000,99.32,99.32,C,0
2026-01-06,2026-01-06,6811000,98.4,98.4,C,0
2026-01-06,2026-01-06,6812000,97.49,97.49,C,0
2026-01-06,2026-01-06,6813000,96.34,96.34,C,0
2026-01-06,2026-01-06,6814000,95.43,95.43,C,0
2026-01-06,2026-01-06,6815000,94.51,94.51,C,0
2026-01-06,2026-01-06,6816000,93.37,93.37,C,0
2026-01-06,2026-01-06,6817000,92.46,92.46,C,0
2026-01-06,2026-01-06,6818000,91.55,91.55,C,0
2026-01-06,2026-01-06,6819000,90.63,90.63,C,0
2026-01-06,2026-01-06,6820000,89.5,89.5,C,0
2026-01-06,2026-01-06,6821000,88.59,88.59,C,0
2026-01-06,2026-01-06,6822000,87.68,87.68,C,0
2026-01-06,2026-01-06,6823000,86.55,86.55,C,0
2026-01-06,2026-01-06,6824000,85.64,85.64,C,0
2026-01-06,2026-01-06,6825000,84.74,84.74,C,0
2026-01-06,2026-01-06,6826000,83.84,83.84,C,0
2026-01-06,2026-01-06,6827000,82.71,82.71,C,0
2026-01-06,2026-01-06,6828000,81.81,81.81,C,0
2026-01-06,2026-01-06,6829000,80.91,80.91,C,0
2026-01-06,2026-01-06,6830000,79.79,79.79,C,0
2026-01-06,2026-01-06,6831000,78.9,78.9,C,0
2026-01-06,2026-01-06,6832000,78.01,78.01,C,0
2026-01-06,2026-01-06,6833000,77.12,77.12,C,0
2026-01-06,2026-01-06,6834000,76.0,76.0,C,0
2026-01-06,2026-01-06,6835000,75.12,75.12,C,0
2026-01-06,2026-01-06,6836000,74.23,74.23,C,0
2026-01-06,2026-01-06,6837000,73.13,73.13,C,0
2026-01-06,2026-01-06,6838000,72.25,72.25,C,0
2026-01-06,2026-01-06,6839000,71.37,71.37,C,0
2026-01-06,2026-01-06,6840000,70.49,70.49,C,0
2026-01-06,2026-01-06,6841000,69.4,69.4,C,0
2026-01-06,2026-01-06,6842000,68.52,68.52,C,0
2026-01-06,2026-01-06,6843000,67.65,67.65,C,0
2026-01-06,2026-01-06,6844000,66.57,66.57,C,0
2026-01-06,2026-01-06,6845000,65.71,65.71,C,0
2026-01-06,2026-01-06,6846000,64.84,64.84,C,0
2026-01-06,2026-01-06,6847000,63.99,63.99,C,0
2026-01-06,2026-01-06,6848000,62.91,62.91,C,0
2026-01-06,2026-01-06,6849000,62.06,62.06,C,0
2026-01-06,2026-01-06,6850000,61.21,61.21,C,0
2026-01-06,2026-01-06,6851000,60.15,60.15,C,0
2026-01-06,2026-01-06,6852000,59.31,59.31,C,0
2026-01-06,2026-01-06,6853000,58.47,58.47,C,0
2026-01-06,2026-01-06,6854000,57.63,57.63,C,0
2026-01-06,2026-01-06,6855000,56.59,56.59,C,0
2026-01-06,2026-01-06,6856000,55.76,55.76,C,0
2026-01-06,2026-01-06,6857000,54.94,54.94,C,0
2026-01-06,2026-01-06,6858000,53.91,53.91,C,0
2026-01-06,2026-01-06,6859000,53.09,53.09,C,0
2026-01-06,2026-01-06,6860000,52.28,52.28,C,0
2026-01-06,2026-01-06,6861000,51.47,51.47,C,0
2026-01-06,2026-01-06,6862000,50.46,50.46,C,0
2026-01-06,2026-01-06,6863000,49.66,49.66,C,0
2026-01-06,2026-01-06,6864000,48.86,48.86,C,0
2026-01-06,2026-01-06,6865000,47.87,47.87,C,0
2026-01-06,2026-01-06,6866000,47.08,47.08,C,0
2026-01-06,2026-01-06,6867000,46.3,46.3,C,0
2026-01-06,2026-01-06,6868000,45.52,45.52,C,0
2026-01-06,2026-01-06,6869000,44.56,44.56,C,0
2026-01-06,2026-01-06,6870000,43.79,43.79,C,0
2026-01-06,2026-01-06,6871000,43.03,43.03,C,0
2026-01-06,2026-01-06,6872000,42.08,42.08,C,0
2026-01-06,2026-01-06,6873000,41.33,41.33,C,0
2026-01-06,2026-01-06,6874000,40.59,40.59,C,0
2026-01-06,2026-01-06,6875000,39.85,39.85,C,0
2026-01-06,2026-01-06,6876000,38.93,38.93,C,0
2026-01-06,2026-01-06,6877000,38.2,38.2,C,0
2026-01-06,2026-01-06,6878000,37.48,37.48,C,0
2026-01-06,2026-01-06,6879000,36.58,36.58,C,0
2026-01-06,2026-01-06,6880000,35.87,35.87,C,0
2026-01-06,2026-01-06,6881000,35.17,35.17,C,0
2026-01-06,2026-01-06,6882000,34.47,34.47,C,0
2026-01-06,2026-01-06,6883000,33.61,33.61,C,0
2026-01-06,2026-01-06,6884000,32.93,32.93,C,0
2026-01-06,2026-01-06,6885000,32.25,32.25,C,0
2026-01-06,2026-01-06,6886000,31.41,31.41,C,0
2026-01-06,2026-01-06,6887000,30.75,30.75,C,0
2026-01-06,2026-01-06,6888000,30.1,30.1,C,0
2026-01-06,2026-01-06,6889000,29.45,29.45,C,0
2026-01-06,2026-01-06,6890000,28.65,28.65,C,0
2026-01-06,2026-01-06,6891000,28.01,28.01,C,0
2026-01-06,2026-01-06,6892000,27.39,27.39,C,0
2026-01-06,2026-01-06,6893000,26.61,26.61,C,0
2026-01-06,2026-01-06,6894000,26.0,26.0,C,0
2026-01-06,2026-01-06,6895000,25.4,25.4,C,0
2026-01-06,2026-01-06,6896000,24.81,24.81,C,0
2026-01-06,2026-01-06,6897000,24.07,24.07,C,0
2026-01-06,2026-01-06,6898000,23.49,23.49,C,0
2026-01-06,2026-01-06,6899000,22.92,22.92,C,0
2026-01-06,2026-01-06,6900000,22.22,22.22,C,0
2026-01-06,2026-01-06,6901000,21.66,21.66,C,0
2026-01-06,2026-01-06,6902000,21.12,21.12,C,0
2026-01-06,2026-01-06,6903000,20.58,20.58,C,0
2026-01-06,2026-01-06,6904000,19.92,19.92,C,0
2026-01-06,2026-01-06,6905000,19.39,19.39,C,0
2026-01-06,2026-01-06,6906000,18.88,18.88,C,0
2026-01-06,2026-01-06,6907000,18.38,18.38,C,0
2026-01-06,2026-01-06,6908000,17.75,17.75,C,0
2026-01-06,2026-01-06,6909000,17.27,17.27,C,0
2026-01-06,2026-01-06,6910000,16.79,16.79,C,0
2026-01-06,2026-01-06,6911000,16.2,16.2,C,0
2026-01-06,2026-01-06,6912000,15.74,15.74,C,0
2026-01-06,2026-01-06,6913000,15.29,15.29,C,0
2026-01-06,2026-01-06,6914000,14.84,14.84,C,0
2026-01-06,2026-01-06,6915000,14.3,14.3,C,0
2026-01-06,2026-01-06,6916000,13.87,13.87,C,0
2026-01-06,2026-01-06,6917000,13.45,13.45,C,0
2026-01-06,2026-01-06,6918000,12.94,12.94,C,0
2026-01-06,2026-01-06,6919000,12.54,12.54,C,0
2026-01-06,2026-01-06,6920000,12.15,12.15,C,0
2026-01-06,2026-01-06,6921000,11.76,11.76,C,0
2026-01-06,2026-01-06,6922000,11.29,11.29,C,0
2026-01-06,2026-01-06,6923000,10.93,10.93,C,0
2026-01-06,2026-01-06,6924000,10.57,10.57,C,0
2026-01-06,2026-01-06,6925000,10.13,10.13,C,0
2026-01-06,2026-01-06,6926000,9.79,9.79,C,0
2026-01-06,2026-01-06,6927000,9.46,9.46,C,0
2026-01-06,2026-01-06,6928000,9.13,9.13,C,0
2026-01-06,2026-01-06,6929000,8.74,8.74,C,0
2026-01-06,2026-01-06,6930000,8.43,8.43,C,0
2026-01-06,2026-01-06,6931000,8.13,8.13,C,0
2026-01-06,2026-01-06,6932000,7.76,7.76,C,0
2026-01-06,2026-01-06,6933000,7.48,7.48,C,0
2026-01-06,2026-01-06,6934000,7.2,7.2,C,0
2026-01-06,2026-01-06,6935000,6.93,6.93,C,0
2026-01-06,2026-01-06,6936000,6.61,6.61,C,0
2026-01-06,2026-01-06,6937000,6.35,6.35,C,0
2026-01-06,2026-01-06,6938000,6.11,6.11,C,0
2026-01-06,2026-01-06,6939000,5.81,5.81,C,0
2026-01-06,2026-01-06,6940000,5.58,5.58,C,0
2026-01-06,2026-01-06,6941000,5.36,5.36,C,0
2026-01-06,2026-01-06,6942000,5.14,5.14,C,0
2026-01-06,2026-01-06,6943000,4.88,4.88,C,0
2026-01-06,2026-01-06,6944000,4.68,4.68,C,0
2026-01-06,2026-01-06,6945000,4.48,4.48,C,0
2026-01-06,2026-01-06,6946000,4.24,4.24,C,0
2026-01-06,2026-01-06,6947000,4.06,4.06,C,0
2026-01-06,2026-01-06,6948000,3.89,3.89,C,0
2026-01-06,2026-01-06,6949000,3.72,3.72,C,0
2026-01-06,2026-01-06,6950000,3.51,3.51,C,0
2026-01-06,2026-01-06,6951000,3.35,3.35,C,0
2026-01-06,2026-01-06,6952000,3.2,3.2,C,0
2026-01-06,2026-01-06,6953000,3.02,3.02,C,0
2026-01-06,2026-01-06,6954000,2.88,2.88,C,0
2026-01-06,2026-01-06,6955000,2.74,2.74,C,0
2026-01-06,2026-01-06,6956000,2.61,2.61,C,0
2026-01-06,2026-01-06,6957000,2.46,2.46,C,0
2026-01-06,2026-01-06,6958000,2.34,2.34,C,0
2026-01-06,2026-01-06,6959000,2.22,2.22,C,0
2026-01-06,2026-01-06,6960000,2.09,2.09,C,0
2026-01-06,2026-01-06,6961000,1.98,1.98,C,0
2026-01-06,2026-01-06,6962000,1.88,1.88,C,0
2026-01-06,2026-01-06,6963000,1.78,1.78,C,0
2026-01-06,2026-01-06,6964000,1.67,1.67,C,0
2026-01-06,2026-01-06,6965000,1.58,1.58,C,0
2026-01-06,2026-01-06,6966000,1.5,1.5,C,0
2026-01-06,2026-01-06,6967000,1.4,1.4,C,0
2026-01-06,2026-01-06,6968000,1.32,1.32,C,0
2026-01-06,2026-01-06,6969000,1.25,1.25,C,0
2026-01-06,2026-01-06,6970000,1.18,1.18,C,0
2026-01-06,2026-01-06,6971000,1.1,1.1,C,0
2026-01-06,2026-01-06,6972000,1.04,1.04,C,0
2026-01-06,2026-01-06,6973000,0.98,0.98,C,0
2026-01-06,2026-01-06,6974000,0.91,0.91,C,0
2026-01-06,2026-01-06,6975000,0.85,0.85,C,0
2026-01-06,2026-01-06,6976000,0.8,0.8,C,0
2026-01-06,2026-01-06,6977000,0.76,0.76,C,0
2026-01-06,2026-01-06,6978000,0.7,0.7,C,0
2026-01-06,2026-01-06,6979000,0.66,0.66,C,0
2026-01-06,2026-01-06,6980000,0.62,0.62,C,0
2026-01-06,2026-01-06,6981000,0.57,0.57,C,0
2026-01-06,2026-01-06,6982000,0.53,0.53,C,0
2026-01-06,2026-01-06,6983000,0.5,0.5,C,0
2026-01-06,2026-01-06,6984000,0.47,0.47,C,0
2026-01-06,2026-01-06,6985000,0.43,0.43,C,0
2026-01-06,2026-01-06,6986000,0.4,0.4,C,0
2026-01-06,2026-01-06,6987000,0.37,0.37,C,0
2026-01-06,2026-01-06,6988000,0.34,0.34,C,0
2026-01-06,2026-01-06,6989000,0.32,0.32,C,0
2026-01-06,2026-01-06,6990000,0.3,0.3,C,0
2026-01-06,2026-01-06,6991000,0.28,0.28,C,0
2026-01-06,2026-01-06,6992000,0.25,0.25,C,0
2026-01-06,2026-01-06,6993000,0.24,0.24,C,0
2026-01-06,2026-01-06,6994000,0.22,0.22,C,0
2026-01-06,2026-01-06,6995000,0.2,0.2,C,0
2026-01-06,2026-01-06,6996000,0.18,0.18,C,0
2026-01-06,2026-01-06,6997000,0.17,0.17,C,0
2026-01-06,2026-01-06,6998000,0.16,0.16,C,0
2026-01-06,2026-01-06,6999000,0.14,0.14,C,0
2026-01-06,2026-01-06,7000000,0.13,0.13,C,0
2026-01-06,2026-01-06,7001000,0.12,0.12,C,0
2026-01-06,2026-01-06,7002000,0.11,0.11,C,0
2026-01-06,2026-01-06,7003000,0.1,0.1,C,0
2026-01-06,2026-01-06,7004000,0.09,0.09,C,0
2026-01-06,2026-01-06,7005000,0.09,0.09,C,0
2026-01-06,2026-01-06,7006000,0.08,0.08,C,0
2026-01-06,2026-01-06,7007000,0.07,0.07,C,0
2026-01-06,2026-01-06,7008000,0.07,0.07,C,0
2026-01-06,2026-01-06,7009000,0.06,0.06,C,0
2026-01-06,2026-01-06,7010000,0.05,0.05,C,0
2026-01-06,2026-01-06,7011000,0.05,0.05,C,0
2026-01-06,2026-01-06,7012000,0.05,0.05,C,0
2026-01-06,2026-01-06,7013000,0.04,0.04,C,0
2026-01-06,2026-01-06,7014000,0.04,0.04,C,0
2026-01-06,2026-01-06,7015000,0.03,0.03,C,0
2026-01-06,2026-01-06,7016000,0.03,0.03,C,0
2026-01-06,2026-01-06,7017000,0.03,0.03,C,0
2026-01-06,2026-01-06,7018000,0.02,0.02,C,0
2026-01-06,2026-01-06,7019000,0.02,0.02,C,0
2026-01-06,2026-01-06,7020000,0.02,0.02,C,0
2026-01-06,2026-01-06,7021000,0.02,0.02,C,0
2026-01-06,2026-01-06,7022000,0.02,0.02,C,0
2026-01-06,2026-01-06,7023000,0.01,0.01,C,0
2026-01-06,2026-01-06,7024000,0.01,0.01,C,0
2026-01-06,2026-01-06,7025000,0.01,0.01,C,0
2026-01-06,2026-01-06,7026000,0.01,0.01,C,0
2026-01-06,2026-01-06,7027000,0.01,0.01,C,0
2026-01-06,2026-01-06,7028000,0.01,0.01,C,0
2026-01-06,2026-01-06,7029000,0.01,0.01,C,0
2026-01-06,2026-01-06,7030000,0.01,0.01,C,0
2026-01-06,2026-01-06,7031000,0.01,0.01,C,0
2026-01-06,2026-01-06,7032000,0.01,0.01,C,0
2026-01-06,2026-01-06,7033000,0.0,0.0,C,0
2026-01-06,2026-01-06,7034000,0.0,0.0,C,0
2026-01-06,2026-01-06,7035000,0.0,0.0,C,0
2026-01-06,2026-01-06,7036000,0.0,0.0,C,0
2026-01-06,2026-01-06,7037000,0.0,0.0,C,0
2026-01-06,2026-01-06,7038000,0.0,0.0,C,0
2026-01-06,2026-01-06,7039000,0.0,0.0,C,0
2026-01-06,2026-01-06,7040000,0.0,0.0,C,0
2026-01-06,2026-01-06,7041000,0.0,0.0,C,0
2026-01-06,2026-01-06,7042000,0.0,0.0,C,0
2026-01-06,2026-01-06,7043000,0.0,0.0,C,0
2026-01-06,2026-01-06,7044000,0.0,0.0,C,0
2026-01-06,2026-01-06,7045000,0.0,0.0,C,0
2026-01-06,2026-01-06,7046000,0.0,0.0,C,0
2026-01-06,2026-01-06,7047000,0.0,0.0,C,0
2026-01-06,2026-01-06,7048000,0.0,0.0,C,0
2026-01-06,2026-01-06,7049000,0.0,0.0,C,0
2026-01-06,2026-01-06,7050000,0.0,0.0,C,0
2026-01-06,2026-01-06,7051000,0.0,0.0,C,0
2026-01-06,2026-01-06,7052000,0.0,0.0,C,0
2026-01-06,2026-01-06,7053000,0.0,0.0,C,0
2026-01-06,2026-01-06,7054000,0.0,0.0,C,0
2026-01-06,2026-01-06,7055000,0.0,0.0,C,0
2026-01-06,2026-01-06,7056000,0.0,0.0,C,0
2026-01-06,2026-01-06,7057000,0.0,0.0,C,0
2026-01-06,2026-01-06,7058000,0.0,0.0,C,0
2026-01-06,2026-01-06,7059000,0.0,0.0,C,0
2026-01-06,2026-01-06,7060000,0.0,0.0,C,0
2026-01-06,2026-01-06,7061000,0.0,0.0,C,0
2026-01-06,2026-01-06,7062000,0.0,0.0,C,0
2026-01-06,2026-01-06,7063000,0.0,0.0,C,0
2026-01-06,2026-01-06,7064000,0.0,0.0,C,0
2026-01-06,2026-01-06,7065000,0.0,0.0,C,0
2026-01-06,2026-01-06,7066000,0.0,0.0,C,0
2026-01-06,2026-01-06,7067000,0.0,0.0,C,0
2026-01-06,2026-01-06,7068000,0.0,0.0,C,0
2026-01-06,2026-01-06,7069000,0.0,0.0,C,0
2026-01-06,2026-01-06,7070000,0.0,0.0,C,0
2026-01-06,2026-01-06,7071000,0.0,0.0,C,0
2026-01-06,2026-01-06,7072000,0.0,0.0,C,0
2026-01-06,2026-01-06,7073000,0.0,0.0,C,0
2026-01-06,2026-01-06,7074000,0.0,0.0,C,0
2026-01-06,2026-01-06,7075000,0.0,0.0,C,0
2026-01-06,2026-01-06,7076000,0.0,0.0,C,0
2026-01-06,2026-01-06,7077000,0.0,0.0,C,0
2026-01-06,2026-01-06,7078000,0.0,0.0,C,0
2026-01-06,2026-01-06,7079000,0.0,0.0,C,0
2026-01-06,2026-01-06,7080000,0.0,0.0,C,0
2026-01-06,2026-01-06,7081000,0.0,0.0,C,0
2026-01-06,2026-01-06,7082000,0.0,0.0,C,0
2026-01-06,2026-01-06,7083000,0.0,0.0,C,0
2026-01-06,2026-01-06,7084000,0.0,0.0,C,0
2026-01-06,2026-01-06,7085000,0.0,0.0,C,0
2026-01-06,2026-01-06,7086000,0.0,0.0,C,0
2026-01-06,2026-01-06,7087000,0.0,0.0,C,0
2026-01-06,2026-01-06,7088000,0.0,0.0,C,0
2026-01-06,2026-01-06,7089000,0.0,0.0,C,0
2026-01-06,2026-01-06,7090000,0.0,0.0,C,0
2026-01-06,2026-01-06,7091000,0.0,0.0,C,0
2026-01-06,2026-01-06,7092000,0.0,0.0,C,0
2026-01-06,2026-01-06,7093000,0.0,0.0,C,0
2026-01-06,2026-01-06,7094000,0.0,0.0,C,0
2026-01-06,2026-01-06,7095000,0.0,0.0,C,0
2026-01-06,2026-01-06,7096000,0.0,0.0,C,0
2026-01-06,2026-01-06,7097000,0.0,0.0,C,0
2026-01-06,2026-01-06,7098000,0.0,0.0,C,0
2026-01-06,2026-01-06,7099000,0.0,0.0,C,0
2026-01-06,2026-01-06,7100000,0.0,0.0,C,0
2026-01-06,2026-01-07,6400000,509.48,509.48,C,0
2026-01-06,2026-01-07,6401000,508.78,508.78,C,0
2026-01-06,2026-01-07,6402000,507.85,507.85,C,0
2026-01-06,2026-01-07,6403000,506.91,506.91,C,0
2026-01-06,2026-01-07,6404000,505.98,505.98,C,0
2026-01-06,2026-01-07,6405000,504.81,504.81,C,0
2026-01-06,2026-01-07,6406000,503.88,503.88,C,0
2026-01-06,2026-01-07,6407000,502.95,502.95,C,0
2026-01-06,2026-01-07,6408000,501.78,501.78,C,0
2026-01-06,2026-01-07,6409000,500.85,500.85,C,0
2026-01-06,2026-01-07,6410000,499.91,499.91,C,0
2026-01-06,2026-01-07,6411000,498.98,498.98,C,0
2026-01-06,2026-01-07,6412000,497.81,497.81,C,0
2026-01-06,2026-01-07,6413000,496.88,496.88,C,0
2026-01-06,2026-01-07,6414000,495.94,495.94,C,0
2026-01-06,2026-01-07,6415000,494.78,494.78,C,0
2026-01-06,2026-01-07,6416000,493.84,493.84,C,0
2026-01-06,2026-01-07,6417000,492.91,492.91,C,0
2026-01-06,2026-01-07,6418000,491.98,491.98,C,0
2026-01-06,2026-01-07,6419000,490.81,490.81,C,0
2026-01-06,2026-01-07,6420000,489.88,489.88,C,0
2026-01-06,2026-01-07,6421000,488.94,488.94,C,0
2026-01-06,2026-01-07,6422000,487.78,487.78,C,0
2026-01-06,2026-01-07,6423000,486.84,486.84,C,0
2026-01-06,2026-01-07,6424000,485.91,485.91,C,0
2026-01-06,2026-01-07,6425000,484.98,484.98,C,0
2026-01-06,2026-01-07,6426000,483.81,483.81,C,0
2026-01-06,2026-01-07,6427000,482.88,482.88,C,0
2026-01-06,2026-01-07,6428000,481.94,481.94,C,0
2026-01-06,2026-01-07,6429000,480.78,480.78,C,0
2026-01-06,2026-01-07,6430000,479.84,479.84,C,0
2026-01-06,2026-01-07,6431000,478.91,478.91,C,0
2026-01-06,2026-01-07,6432000,477.98,477.98,C,0
2026-01-06,2026-01-07,6433000,476.81,476.81,C,0
2026-01-06,2026-01-07,6434000,475.87,475.87,C,0
2026-01-06,2026-01-07,6435000,474.94,474.94,C,0
2026-01-06,2026-01-07,6436000,473.77,473.77,C,0
2026-01-06,2026-01-07,6437000,472.84,472.84,C,0
2026-01-06,2026-01-07,6438000,471.91,471.91,C,0
2026-01-06,2026-01-07,6439000,470.97,470.97,C,0
2026-01-06,2026-01-07,6440000,469.81,469.81,C,0
2026-01-06,2026-01-07,6441000,468.87,468.87,C,0
2026-01-06,2026-01-07,6442000,467.94,467.94,C,0
2026-01-06,2026-01-07,6443000,466.77,466.77,C,0
2026-01-06,2026-01-07,6444000,465.84,465.84,C,0
2026-01-06,2026-01-07,6445000,464.91,464.91,C,0
2026-01-06,2026-01-07,6446000,463.97,463.97,C,0
2026-01-06,2026-01-07,6447000,462.81,462.81,C,0
2026-01-06,2026-01-07,6448000,461.87,461.87,C,0
2026-01-06,2026-01-07,6449000,460.94,460.94,C,0
2026-01-06,2026-01-07,6450000,459.77,459.77,C,0
2026-01-06,2026-01-07,6451000,458.84,458.84,C,0
2026-01-06,2026-01-07,6452000,457.9,457.9,C,0
2026-01-06,2026-01-07,6453000,456.97,456.97,C,0
2026-01-06,2026-01-07,6454000,455.8,455.8,C,0
2026-01-06,2026-01-07,6455000,454.87,454.87,C,0
2026-01-06,2026-01-07,6456000,453.94,453.94,C,0
2026-01-06,2026-01-07,6457000,452.77,452.77,C,0
2026-01-06,2026-01-07,6458000,451.84,451.84,C,0
2026-01-06,2026-01-07,6459000,450.9,450.9,C,0
2026-01-06,2026-01-07,6460000,449.97,449.97,C,0
2026-01-06,2026-01-07,6461000,448.8,448.8,C,0
2026-01-06,2026-01-07,6462000,447.87,447.87,C,0
2026-01-06,2026-01-07,6463000,446.94,446.94,C,0
2026-01-06,2026-01-07,6464000,445.77,445.77,C,0
2026-01-06,2026-01-07,6465000,444.84,444.84,C,0
2026-01-06,2026-01-07,6466000,443.9,443.9,C,0
2026-01-06,2026-01-07,6467000,442.97,442.97,C,0
2026-01-06,2026-01-07,6468000,441.8,441.8,C,0
2026-01-06,2026-01-07,6469000,440.87,440.87,C,0
2026-01-06,2026-01-07,6470000,439.94,439.94,C,0
2026-01-06,2026-01-07,6471000,438.77,438.77,C,0
2026-01-06,2026-01-07,6472000,437.83,437.83,C,0
2026-01-06,2026-01-07,6473000,436.9,436.9,C,0
2026-01-06,2026-01-07,6474000,435.97,435.97,C,0
2026-01-06,2026-01-07,6475000,434.8,434.8,C,0
2026-01-06,2026-01-07,6476000,433.87,433.87,C,0
2026-01-06,2026-01-07,6477000,432.93,432.93,C,0
2026-01-06,2026-01-07,6478000,431.77,431.77,C,0
2026-01-06,2026-01-07,6479000,430.83,430.83,C,0
2026-01-06,2026-01-07,6480000,429.9,429.9,C,0
2026-01-06,2026-01-07,6481000,428.97,428.97,C,0
2026-01-06,2026-01-07,6482000,427.8,427.8,C,0
2026-01-06,2026-01-07,6483000,426.87,426.87,C,0
2026-01-06,2026-01-07,6484000,425.93,425.93,C,0
2026-01-06,2026-01-07,6485000,424.77,424.77,C,0
2026-01-06,2026-01-07,6486000,423.83,423.83,C,0
2026-01-06,2026-01-07,6487000,422.9,422.9,C,0
2026-01-06,2026-01-07,6488000,421.97,421.97,C,0
2026-01-06,2026-01-07,6489000,420.8,420.8,C,0
2026-01-06,2026-01-07,6490000,419.87,419.87,C,0
2026-01-06,2026-01-07,6491000,418.93,418.93,C,0
2026-01-06,2026-01-07,6492000,417.76,417.76,C,0
2026-01-06,2026-01-07,6493000,416.83,416.83,C,0
2026-01-06,2026-01-07,6494000,415.9,415.9,C,0
2026-01-06,2026-01-07,6495000,414.96,414.96,C,0
2026-01-06,2026-01-07,6496000,413.8,413.8,C,0
2026-01-06,2026-01-07,6497000,412.86,412.86,C,0
2026-01-06,2026-01-07,6498000,411.93,411.93,C,0
2026-01-06,2026-01-07,6499000,410.76,410.76,C,0
2026-01-06,2026-01-07,6500000,409.83,409.83,C,0
2026-01-06,2026-01-07,6501000,408.9,408.9,C,0
2026-01-06,2026-01-07,6502000,407.96,407.96,C,0
2026-01-06,2026-01-07,6503000,406.8,406.8,C,0
2026-01-06,2026-01-07,6504000,405.86,405.86,C,0
2026-01-06,2026-01-07,6505000,404.93,404.93,C,0
2026-01-06,2026-01-07,6506000,404.0,404.0,C,0
2026-01-06,2026-01-07,6507000,402.83,402.83,C,0
2026-01-06,2026-01-07,6508000,401.9,401.9,C,0
2026-01-06,2026-01-07,6509000,400.96,400.96,C,0
2026-01-06,2026-01-07,6510000,399.79,399.79,C,0
2026-01-06,2026-01-07,6511000,398.86,398.86,C,0
2026-01-06,2026-01-07,6512000,397.93,397.93,C,0
2026-01-06,2026-01-07,6513000,396.99,396.99,C,0
2026-01-06,2026-01-07,6514000,395.83,395.83,C,0
2026-01-06,2026-01-07,6515000,394.89,394.89,C,0
2026-01-06,2026-01-07,6516000,393.96,393.96,C,0
2026-01-06,2026-01-07,6517000,392.79,392.79,C,0
2026-01-06,2026-01-07,6518000,391.86,391.86,C,0
2026-01-06,2026-01-07,6519000,390.93,390.93,C,0
2026-01-06,2026-01-07,6520000,389.99,389.99,C,0
2026-01-06,2026-01-07,6521000,388.83,388.83,C,0
2026-01-06,2026-01-07,6522000,387.89,387.89,C,0
2026-01-06,2026-01-07,6523000,386.96,386.96,C,0
2026-01-06,2026-01-07,6524000,385.79,385.79,C,0
2026-01-06,2026-01-07,6525000,384.86,384.86,C,0
2026-01-06,2026-01-07,6526000,383.93,383.93,C,0
2026-01-06,2026-01-07,6527000,382.99,382.99,C,0
2026-01-06,2026-01-07,6528000,381.83,381.83,C,0
2026-01-06,2026-01-07,6529000,380.89,380.89,C,0
2026-01-06,2026-01-07,6530000,379.96,379.96,C,0
2026-01-06,2026-01-07,6531000,378.79,378.79,C,0
2026-01-06,2026-01-07,6532000,377.86,377.86,C,0
2026-01-06,2026-01-07,6533000,376.92,376.92,C,0
2026-01-06,2026-01-07,6534000,375.99,375.99,C,0
2026-01-06,2026-01-07,6535000,374.82,374.82,C,0
2026-01-06,2026-01-07,6536000,373.89,373.89,C,0
2026-01-06,2026-01-07,6537000,372.96,372.96,C,0
2026-01-06,2026-01-07,6538000,371.79,371.79,C,0
2026-01-06,2026-01-07,6539000,370.86,370.86,C,0
2026-01-06,2026-01-07,6540000,369.92,369.92,C,0
2026-01-06,2026-01-07,6541000,368.99,368.99,C,0
2026-01-06,2026-01-07,6542000,367.82,367.82,C,0
2026-01-06,2026-01-07,6543000,366.89,366.89,C,0
2026-01-06,2026-01-07,6544000,365.96,365.96,C,0
2026-01-06,2026-01-07,6545000,364.79,364.79,C,0
2026-01-06,2026-01-07,6546000,363.86,363.86,C,0
2026-01-06,2026-01-07,6547000,362.92,362.92,C,0
2026-01-06,2026-01-07,6548000,361.99,361.99,C,0
2026-01-06,2026-01-07,6549000,360.82,360.82,C,0
2026-01-06,2026-01-07,6550000,359.89,359.89,C,0
2026-01-06,2026-01-07,6551000,358.95,358.95,C,0
2026-01-06,2026-01-07,6552000,357.79,357.79,C,0
2026-01-06,2026-01-07,6553000,356.85,356.85,C,0
2026-01-06,2026-01-07,6554000,355.92,355.92,C,0
2026-01-06,2026-01-07,6555000,354.99,354.99,C,0
2026-01-06,2026-01-07,6556000,353.82,353.82,C,0
2026-01-06,2026-01-07,6557000,352.89,352.89,C,0
2026-01-06,2026-01-07,6558000,351.95,351.95,C,0
2026-01-06,2026-01-07,6559000,350.79,350.79,C,0
2026-01-06,2026-01-07,6560000,349.85,349.85,C,0
2026-01-06,2026-01-07,6561000,348.92,348.92,C,0
2026-01-06,2026-01-07,6562000,347.99,347.99,C,0
2026-01-06,2026-01-07,6563000,346.82,346.82,C,0
2026-01-06,2026-01-07,6564000,345.89,345.89,C,0
2026-01-06,2026-01-07,6565000,344.95,344.95,C,0
2026-01-06,2026-01-07,6566000,343.79,343.79,C,0
2026-01-06,2026-01-07,6567000,342.85,342.85,C,0
2026-01-06,2026-01-07,6568000,341.92,341.92,C,0
2026-01-06,2026-01-07,6569000,340.98,340.98,C,0
2026-01-06,2026-01-07,6570000,339.82,339.82,C,0
2026-01-06,2026-01-07,6571000,338.88,338.88,C,0
2026-01-06,2026-01-07,6572000,337.95,337.95,C,0
2026-01-06,2026-01-07,6573000,336.78,336.78,C,0
2026-01-06,2026-01-07,6574000,335.85,335.85,C,0
2026-01-06,2026-01-07,6575000,334.92,334.92,C,0
2026-01-06,2026-01-07,6576000,333.98,333.98,C,0
2026-01-06,2026-01-07,6577000,332.82,332.82,C,0
2026-01-06,2026-01-07,6578000,331.88,331.88,C,0
2026-01-06,2026-01-07,6579000,330.95,330.95,C,0
2026-01-06,2026-01-07,6580000,329.78,329.78,C,0
2026-01-06,2026-01-07,6581000,328.85,328.85,C,0
2026-01-06,2026-01-07,6582000,327.92,327.92,C,0
2026-01-06,2026-01-07,6583000,326.98,326.98,C,0
2026-01-06,2026-01-07,6584000,325.82,325.82,C,0
2026-01-06,2026-01-07,6585000,324.88,324.88,C,0
2026-01-06,2026-01-07,6586000,323.95,323.95,C,0
2026-01-06,2026-01-07,6587000,322.78,322.78,C,0
2026-01-06,2026-01-07,6588000,321.85,321.85,C,0
2026-01-06,2026-01-07,6589000,320.91,320.91,C,0
2026-01-06,2026-01-07,6590000,319.98,319.98,C,0
2026-01-06,2026-01-07,6591000,318.81,318.81,C,0
2026-01-06,2026-01-07,6592000,317.88,317.88,C,0
2026-01-06,2026-01-07,6593000,316.95,316.95,C,0
2026-01-06,2026-01-07,6594000,315.78,315.78,C,0
2026-01-06,2026-01-07,6595000,314.85,314.85,C,0
2026-01-06,2026-01-07,6596000,313.91,313.91,C,0
2026-01-06,2026-01-07,6597000,312.98,312.98,C,0
2026-01-06,2026-01-07,6598000,311.81,311.81,C,0
2026-01-06,2026-01-07,6599000,310.88,310.88,C,0
2026-01-06,2026-01-07,6600000,309.95,309.95,C,0
2026-01-06,2026-01-07,6601000,309.01,309.01,C,0
2026-01-06,2026-01-07,6602000,307.85,307.85,C,0
2026-01-06,2026-01-07,6603000,306.91,306.91,C,0
2026-01-06,2026-01-07,6604000,305.98,305.98,C,0
2026-01-06,2026-01-07,6605000,304.81,304.81,C,0
2026-01-06,2026-01-07,6606000,303.88,303.88,C,0
2026-01-06,2026-01-07,6607000,302.94,302.94,C,0
2026-01-06,2026-01-07,6608000,302.01,302.01,C,0
2026-01-06,2026-01-07,6609000,300.84,300.84,C,0
2026-01-06,2026-01-07,6610000,299.91,299.91,C,0
2026-01-06,2026-01-07,6611000,298.98,298.98,C,0
2026-01-06,2026-01-07,6612000,297.81,297.81,C,0
2026-01-06,2026-01-07,6613000,296.88,296.88,C,0
2026-01-06,2026-01-07,6614000,295.94,295.94,C,0
2026-01-06,2026-01-07,6615000,295.01,295.01,C,0
2026-01-06,2026-01-07,6616000,293.84,293.84,C,0
2026-01-06,2026-01-07,6617000,292.91,292.91,C,0
2026-01-06,2026-01-07,6618000,291.98,291.98,C,0
2026-01-06,2026-01-07,6619000,290.81,290.81,C,0
2026-01-06,2026-01-07,6620000,289.88,289.88,C,0
2026-01-06,2026-01-07,6621000,288.94,288.94,C,0
2026-01-06,2026-01-07,6622000,288.01,288.01,C,0
2026-01-06,2026-01-07,6623000,286.84,286.84,C,0
2026-01-06,2026-01-07,6624000,285.91,285.91,C,0
2026-01-06,2026-01-07,6625000,284.98,284.98,C,0
2026-01-06,2026-01-07,6626000,283.81,283.81,C,0
2026-01-06,2026-01-07,6627000,282.88,282.88,C,0
2026-01-06,2026-01-07,6628000,281.94,281.94,C,0
2026-01-06,2026-01-07,6629000,281.01,281.01,C,0
2026-01-06,2026-01-07,6630000,279.84,279.84,C,0
2026-01-06,2026-01-07,6631000,278.91,278.91,C,0
2026-01-06,2026-01-07,6632000,277.97,277.97,C,0
2026-01-06,2026-01-07,6633000,276.81,276.81,C,0
2026-01-06,2026-01-07,6634000,275.87,275.87,C,0
2026-01-06,2026-01-07,6635000,274.94,274.94,C,0
2026-01-06,2026-01-07,6636000,274.01,274.01,C,0
2026-01-06,2026-01-07,6637000,272.84,272.84,C,0
2026-01-06,2026-01-07,6638000,271.91,271.91,C,0
2026-01-06,2026-01-07,6639000,270.97,270.97,C,0
2026-01-06,2026-01-07,6640000,269.81,269.81,C,0
2026-01-06,2026-01-07,6641000,268.87,268.87,C,0
2026-01-06,2026-01-07,6642000,267.94,267.94,C,0
2026-01-06,2026-01-07,6643000,267.01,267.01,C,0
2026-01-06,2026-01-07,6644000,265.84,265.84,C,0
2026-01-06,2026-01-07,6645000,264.91,264.91,C,0
2026-01-06,2026-01-07,6646000,263.97,263.97,C,0
2026-01-06,2026-01-07,6647000,262.81,262.81,C,0
2026-01-06,2026-01-07,6648000,261.87,261.87,C,0
2026-01-06,2026-01-07,6649000,260.94,260.94,C,0
2026-01-06,2026-01-07,6650000,260.01,260.01,C,0
2026-01-06,2026-01-07,6651000,258.84,258.84,C,0
2026-01-06,2026-01-07,6652000,257.9,257.9,C,0
2026-01-06,2026-01-07,6653000,256.97,256.97,C,0
2026-01-06,2026-01-07,6654000,255.8,255.8,C,0
2026-01-06,2026-01-07,6655000,254.87,254.87,C,0
2026-01-06,2026-01-07,6656000,253.94,253.94,C,0
2026-01-06,2026-01-07,6657000,253.0,253.0,C,0
2026-01-06,2026-01-07,6658000,251.84,251.84,C,0
2026-01-06,2026-01-07,6659000,250.9,250.9,C,0
2026-01-06,2026-01-07,6660000,249.97,249.97,C,0
2026-01-06,2026-01-07,6661000,248.8,248.8,C,0
2026-01-06,2026-01-07,6662000,247.87,247.87,C,0
2026-01-06,2026-01-07,6663000,246.94,246.94,C,0
2026-01-06,2026-01-07,6664000,246.0,246.0,C,0
2026-01-06,2026-01-07,6665000,244.84,244.84,C,0
2026-01-06,2026-01-07,6666000,243.9,243.9,C,0
2026-01-06,2026-01-07,6667000,242.97,242.97,C,0
2026-01-06,2026-01-07,6668000,241.8,241.8,C,0
2026-01-06,2026-01-07,6669000,240.87,240.87,C,0
2026-01-06,2026-01-07,6670000,239.94,239.94,C,0
2026-01-06,2026-01-07,6671000,239.0,239.0,C,0
2026-01-06,2026-01-07,6672000,237.84,237.84,C,0
2026-01-06,2026-01-07,6673000,236.9,236.9,C,0
2026-01-06,2026-01-07,6674000,235.97,235.97,C,0
2026-01-06,2026-01-07,6675000,234.8,234.8,C,0
2026-01-06,2026-01-07,6676000,233.87,233.87,C,0
2026-01-06,2026-01-07,6677000,232.94,232.94,C,0
2026-01-06,2026-01-07,6678000,232.0,232.0,C,0
2026-01-06,2026-01-07,6679000,230.84,230.84,C,0
2026-01-06,2026-01-07,6680000,229.9,229.9,C,0
2026-01-06,2026-01-07,6681000,228.97,228.97,C,0
2026-01-06,2026-01-07,6682000,227.8,227.8,C,0
2026-01-06,2026-01-07,6683000,226.87,226.87,C,0
2026-01-06,2026-01-07,6684000,225.94,225.94,C,0
2026-01-06,2026-01-07,6685000,225.0,225.0,C,0
2026-01-06,2026-01-07,6686000,223.84,223.84,C,0
2026-01-06,2026-01-07,6687000,222.9,222.9,C,0
2026-01-06,2026-01-07,6688000,221.97,221.97,C,0
2026-01-06,2026-01-07,6689000,220.8,220.8,C,0
2026-01-06,2026-01-07,6690000,219.87,219.87,C,0
2026-01-06,2026-01-07,6691000,218.94,218.94,C,0
2026-01-06,2026-01-07,6692000,218.01,218.01,C,0
2026-01-06,2026-01-07,6693000,216.84,216.84,C,0
2026-01-06,2026-01-07,6694000,215.91,215.91,C,0
2026-01-06,2026-01-07,6695000,214.97,214.97,C,0
2026-01-06,2026-01-07,6696000,213.81,213.81,C,0
2026-01-06,2026-01-07,6697000,212.87,212.87,C,0
2026-01-06,2026-01-07,6698000,211.94,211.94,C,0
2026-01-06,2026-01-07,6699000,211.01,211.01,C,0
2026-01-06,2026-01-07,6700000,209.84,209.84,C,0
2026-01-06,2026-01-07,6701000,208.91,208.91,C,0
2026-01-06,2026-01-07,6702000,207.98,207.98,C,0
2026-01-06,2026-01-07,6703000,207.04,207.04,C,0
2026-01-06,2026-01-07,6704000,205.88,205.88,C,0
2026-01-06,2026-01-07,6705000,204.94,204.94,C,0
2026-01-06,2026-01-07,6706000,204.01,204.01,C,0
2026-01-06,2026-01-07,6707000,202.85,202.85,C,0
2026-01-06,2026-01-07,6708000,201.91,201.91,C,0
2026-01-06,2026-01-07,6709000,200.98,200.98,C,0
2026-01-06,2026-01-07,6710000,200.05,200.05,C,0
2026-01-06,2026-01-07,6711000,198.88,198.88,C,0
2026-01-06,2026-01-07,6712000,197.95,197.95,C,0
2026-01-06,2026-01-07,6713000,197.02,197.02,C,0
2026-01-06,2026-01-07,6714000,195.85,195.85,C,0
2026-01-06,2026-01-07,6715000,194.92,194.92,C,0
2026-01-06,2026-01-07,6716000,193.99,193.99,C,0
2026-01-06,2026-01-07,6717000,193.06,193.06,C,0
2026-01-06,2026-01-07,6718000,191.89,191.89,C,0
2026-01-06,2026-01-07,6719000,190.96,190.96,C,0
2026-01-06,2026-01-07,6720000,190.03,190.03,C,0
2026-01-06,2026-01-07,6721000,188.86,188.86,C,0
2026-01-06,2026-01-07,6722000,187.93,187.93,C,0
2026-01-06,2026-01-07,6723000,187.0,187.0,C,0
2026-01-06,2026-01-07,6724000,186.07,186.07,C,0
2026-01-06,2026-01-07,6725000,184.9,184.9,C,0
2026-01-06,2026-01-07,6726000,183.97,183.97,C,0
2026-01-06,2026-01-07,6727000,183.04,183.04,C,0
2026-01-06,2026-01-07,6728000,181.87,181.87,C,0
2026-01-06,2026-01-07,6729000,180.94,180.94,C,0
2026-01-06,2026-01-07,6730000,180.01,180.01,C,0
2026-01-06,2026-01-07,6731000,179.08,179.08,C,0
2026-01-06,2026-01-07,6732000,177.92,177.92,C,0
2026-01-06,2026-01-07,6733000,176.99,176.99,C,0
2026-01-06,2026-01-07,6734000,176.06,176.06,C,0
2026-01-06,2026-01-07,6735000,174.89,174.89,C,0
2026-01-06,2026-01-07,6736000,173.96,173.96,C,0
2026-01-06,2026-01-07,6737000,173.03,173.03,C,0
2026-01-06,2026-01-07,6738000,172.1,172.1,C,0
2026-01-06,2026-01-07,6739000,170.94,170.94,C,0
2026-01-06,2026-01-07,6740000,170.01,170.01,C,0
2026-01-06,2026-01-07,6741000,169.08,169.08,C,0
2026-01-06,2026-01-07,6742000,167.92,167.92,C,0
2026-01-06,2026-01-07,6743000,166.99,166.99,C,0
2026-01-06,2026-01-07,6744000,166.06,166.06,C,0
2026-01-06,2026-01-07,6745000,165.13,165.13,C,0
2026-01-06,2026-01-07,6746000,163.97,163.97,C,0
2026-01-06,2026-01-07,6747000,163.04,163.04,C,0
2026-01-06,2026-01-07,6748000,162.11,162.11,C,0
2026-01-06,2026-01-07,6749000,160.95,160.95,C,0
2026-01-06,2026-01-07,6750000,160.02,160.02,C,0
2026-01-06,2026-01-07,6751000,159.1,159.1,C,0
2026-01-06,2026-01-07,6752000,158.17,158.17,C,0
2026-01-06,2026-01-07,6753000,157.01,157.01,C,0
2026-01-06,2026-01-07,6754000,156.08,156.08,C,0
2026-01-06,2026-01-07,6755000,155.15,155.15,C,0
2026-01-06,2026-01-07,6756000,154.0,154.0,C,0
2026-01-06,2026-01-07,6757000,153.07,153.07,C,0
2026-01-06,2026-01-07,6758000,152.14,152.14,C,0
2026-01-06,2026-01-07,6759000,151.22,151.22,C,0
2026-01-06,2026-01-07,6760000,150.06,150.06,C,0
2026-01-06,2026-01-07,6761000,149.14,149.14,C,0
2026-01-06,2026-01-07,6762000,148.21,148.21,C,0
2026-01-06,2026-01-07,6763000,147.06,147.06,C,0
2026-01-06,2026-01-07,6764000,146.13,146.13,C,0
2026-01-06,2026-01-07,6765000,145.21,145.21,C,0
2026-01-06,2026-01-07,6766000,144.28,144.28,C,0
2026-01-06,2026-01-07,6767000,143.13,143.13,C,0
2026-01-06,2026-01-07,6768000,142.21,142.21,C,0
2026-01-06,2026-01-07,6769000,141.29,141.29,C,0
2026-01-06,2026-01-07,6770000,140.13,140.13,C,0
2026-01-06,2026-01-07,6771000,139.21,139.21,C,0
2026-01-06,2026-01-07,6772000,138.29,138.29,C,0
2026-01-06,2026-01-07,6773000,137.37,137.37,C,0
2026-01-06,2026-01-07,6774000,136.22,136.22,C,0
2026-01-06,2026-01-07,6775000,135.3,135.3,C,0
2026-01-06,2026-01-07,6776000,134.38,134.38,C,0
2026-01-06,2026-01-07,6777000,133.24,133.24,C,0
2026-01-06,2026-01-07,6778000,132.32,132.32,C,0
2026-01-06,2026-01-07,6779000,131.4,131.4,C,0
2026-01-06,2026-01-07,6780000,130.49,130.49,C,0
2026-01-06,2026-01-07,6781000,129.34,129.34,C,0
2026-01-06,2026-01-07,6782000,128.43,128.43,C,0
2026-01-06,2026-01-07,6783000,127.51,127.51,C,0
2026-01-06,2026-01-07,6784000,126.37,126.37,C,0
2026-01-06,2026-01-07,6785000,125.46,125.46,C,0
2026-01-06,2026-01-07,6786000,124.54,124.54,C,0
2026-01-06,2026-01-07,6787000,123.63,123.63,C,0
2026-01-06,2026-01-07,6788000,122.49,122.49,C,0
2026-01-06,2026-01-07,6789000,121.59,121.59,C,0
2026-01-06,2026-01-07,6790000,120.68,120.68,C,0
2026-01-06,2026-01-07,6791000,119.54,119.54,C,0
2026-01-06,2026-01-07,6792000,118.63,118.63,C,0
2026-01-06,2026-01-07,6793000,117.73,117.73,C,0
2026-01-06,2026-01-07,6794000,116.82,116.82,C,0
2026-01-06,2026-01-07,6795000,115.69,115.69,C,0
2026-01-06,2026-01-07,6796000,114.79,114.79,C,0
2026-01-06,2026-01-07,6797000,113.88,113.88,C,0
2026-01-06,2026-01-07,6798000,112.76,112.76,C,0
2026-01-06,2026-01-07,6799000,111.86,111.86,C,0
2026-01-06,2026-01-07,6800000,110.96,110.96,C,0
2026-01-06,2026-01-07,6801000,110.06,110.06,C,0
2026-01-06,2026-01-07,6802000,108.94,108.94,C,0
2026-01-06,2026-01-07,6803000,108.04,108.04,C,0
2026-01-06,2026-01-07,6804000,107.15,107.15,C,0
2026-01-06,2026-01-07,6805000,106.25,106.25,C,0
2026-01-06,2026-01-07,6806000,105.14,105.14,C,0
2026-01-06,2026-01-07,6807000,104.25,104.25,C,0
2026-01-06,2026-01-07,6808000,103.36,103.36,C,0
2026-01-06,2026-01-07,6809000,102.25,102.25,C,0
2026-01-06,2026-01-07,6810000,101.36,101.36,C,0
2026-01-06,2026-01-07,6811000,100.48,100.48,C,0
2026-01-06,2026-01-07,6812000,99.6,99.6,C,0
2026-01-06,2026-01-07,6813000,98.49,98.49,C,0
2026-01-06,2026-01-07,6814000,97.61,97.61,C,0
2026-01-06,2026-01-07,6815000,96.73,96.73,C,0
2026-01-06,2026-01-07,6816000,95.64,95.64,C,0
2026-01-06,2026-01-07,6817000,94.76,94.76,C,0
2026-01-06,2026-01-07,6818000,93.89,93.89,C,0
2026-01-06,2026-01-07,6819000,93.02,93.02,C,0
2026-01-06,2026-01-07,6820000,91.93,91.93,C,0
2026-01-06,2026-01-07,6821000,91.06,91.06,C,0
2026-01-06,2026-01-07,6822000,90.2,90.2,C,0
2026-01-06,2026-01-07,6823000,89.12,89.12,C,0
2026-01-06,2026-01-07,6824000,88.26,88.26,C,0
2026-01-06,2026-01-07,6825000,87.4,87.4,C,0
2026-01-06,2026-01-07,6826000,86.54,86.54,C,0
2026-01-06,2026-01-07,6827000,85.47,85.47,C,0
2026-01-06,2026-01-07,6828000,84.62,84.62,C,0
2026-01-06,2026-01-07,6829000,83.76,83.76,C,0
2026-01-06,2026-01-07,6830000,82.7,82.7,C,0
2026-01-06,2026-01-07,6831000,81.86,81.86,C,0
2026-01-06,2026-01-07,6832000,81.01,81.01,C,0
2026-01-06,2026-01-07,6833000,80.17,80.17,C,0
2026-01-06,2026-01-07,6834000,79.12,79.12,C,0
2026-01-06,2026-01-07,6835000,78.29,78.29,C,0
2026-01-06,2026-01-07,6836000,77.46,77.46,C,0
2026-01-06,2026-01-07,6837000,76.42,76.42,C,0
2026-01-06,2026-01-07,6838000,75.59,75.59,C,0
2026-01-06,2026-01-07,6839000,74.76,74.76,C,0
2026-01-06,2026-01-07,6840000,73.94,73.94,C,0
2026-01-06,2026-01-07,6841000,72.92,72.92,C,0
2026-01-06,2026-01-07,6842000,72.1,72.1,C,0
2026-01-06,2026-01-07,6843000,71.29,71.29,C,0
2026-01-06,2026-01-07,6844000,70.28,70.28,C,0
2026-01-06,2026-01-07,6845000,69.47,69.47,C,0
2026-01-06,2026-01-07,6846000,68.67,68.67,C,0
2026-01-06,2026-01-07,6847000,67.86,67.86,C,0
2026-01-06,2026-01-07,6848000,66.87,66.87,C,0
2026-01-06,2026-01-07,6849000,66.07,66.07,C,0
2026-01-06,2026-01-07,6850000,65.28,65.28,C,0
2026-01-06,2026-01-07,6851000,64.3,64.3,C,0
2026-01-06,2026-01-07,6852000,63.52,63.52,C,0
2026-01-06,2026-01-07,6853000,62.74,62.74,C,0
2026-01-06,2026-01-07,6854000,61.96,61.96,C,0
2026-01-06,2026-01-07,6855000,61.0,61.0,C,0
2026-01-06,2026-01-07,6856000,60.23,60.23,C,0
2026-01-06,2026-01-07,6857000,59.47,59.47,C,0
2026-01-06,2026-01-07,6858000,58.52,58.52,C,0
2026-01-06,2026-01-07,6859000,57.76,57.76,C,0
2026-01-06,2026-01-07,6860000,57.01,57.01,C,0
2026-01-06,2026-01-07,6861000,56.26,56.26,C,0
2026-01-06,2026-01-07,6862000,55.33,55.33,C,0
2026-01-06,2026-01-07,6863000,54.59,54.59,C,0
2026-01-06,2026-01-07,6864000,53.85,53.85,C,0
2026-01-06,2026-01-07,6865000,52.94,52.94,C,0
2026-01-06,2026-01-07,6866000,52.21,52.21,C,0
2026-01-06,2026-01-07,6867000,51.49,51.49,C,0
2026-01-06,2026-01-07,6868000,50.78,50.78,C,0
2026-01-06,2026-01-07,6869000,49.88,49.88,C,0
2026-01-06,2026-01-07,6870000,49.18,49.18,C,0
2026-01-06,2026-01-07,6871000,48.47,48.47,C,0
2026-01-06,2026-01-07,6872000,47.6,47.6,C,0
2026-01-06,2026-01-07,6873000,46.91,46.91,C,0
2026-01-06,2026-01-07,6874000,46.22,46.22,C,0
2026-01-06,2026-01-07,6875000,45.53,45.53,C,0
2026-01-06,2026-01-07,6876000,44.68,44.68,C,0
2026-01-06,2026-01-07,6877000,44.01,44.01,C,0
2026-01-06,2026-01-07,6878000,43.34,43.34,C,0
2026-01-06,2026-01-07,6879000,42.51,42.51,C,0
2026-01-06,2026-01-07,6880000,41.86,41.86,C,0
2026-01-06,2026-01-07,6881000,41.2,41.2,C,0
2026-01-06,2026-01-07,6882000,40.55,40.55,C,0
2026-01-06,2026-01-07,6883000,39.75,39.75,C,0
2026-01-06,2026-01-07,6884000,39.12,39.12,C,0
2026-01-06,2026-01-07,6885000,38.48,38.48,C,0
2026-01-06,2026-01-07,6886000,37.7,37.7,C,0
2026-01-06,2026-01-07,6887000,37.08,37.08,C,0
2026-01-06,2026-01-07,6888000,36.47,36.47,C,0
2026-01-06,2026-01-07,6889000,35.86,35.86,C,0
2026-01-06,2026-01-07,6890000,35.1,35.1,C,0
2026-01-06,2026-01-07,6891000,34.51,34.51,C,0
2026-01-06,2026-01-07,6892000,33.92,33.92,C,0
2026-01-06,2026-01-07,6893000,33.18,33.18,C,0
2026-01-06,2026-01-07,6894000,32.6,32.6,C,0
2026-01-06,2026-01-07,6895000,32.03,32.03,C,0
2026-01-06,2026-01-07,6896000,31.46,31.46,C,0
2026-01-06,2026-01-07,6897000,30.76,30.76,C,0
2026-01-06,2026-01-07,6898000,30.2,30.2,C,0
2026-01-06,2026-01-07,6899000,29.65,29.65,C,0
2026-01-06,2026-01-07,6900000,28.97,28.97,C,0
2026-01-06,2026-01-07,6901000,28.44,28.44,C,0
2026-01-06,2026-01-07,6902000,27.9,27.9,C,0
2026-01-06,2026-01-07,6903000,27.38,27.38,C,0
2026-01-06,2026-01-07,6904000,26.73,26.73,C,0
2026-01-06,2026-01-07,6905000,26.22,26.22,C,0
2026-01-06,2026-01-07,6906000,25.71,25.71,C,0
2026-01-06,2026-01-07,6907000,25.21,25.21,C,0
2026-01-06,2026-01-07,6908000,24.59,24.59,C,0
2026-01-06,2026-01-07,6909000,24.1,24.1,C,0
2026-01-06,2026-01-07,6910000,23.62,23.62,C,0
2026-01-06,2026-01-07,6911000,23.02,23.02,C,0
2026-01-06,2026-01-07,6912000,22.56,22.56,C,0
2026-01-06,2026-01-07,6913000,22.09,22.09,C,0
2026-01-06,2026-01-07,6914000,21.63,21.63,C,0
2026-01-06,2026-01-07,6915000,21.07,21.07,C,0
2026-01-06,2026-01-07,6916000,20.63,20.63,C,0
2026-01-06,2026-01-07,6917000,20.19,20.19,C,0
2026-01-06,2026-01-07,6918000,19.65,19.65,C,0
2026-01-06,2026-01-07,6919000,19.23,19.23,C,0
2026-01-06,2026-01-07,6920000,18.81,18.81,C,0
2026-01-06,2026-01-07,6921000,18.39,18.39,C,0
2026-01-06,2026-01-07,6922000,17.89,17.89,C,0
2026-01-06,2026-01-07,6923000,17.49,17.49,C,0
2026-01-06,2026-01-07,6924000,17.09,17.09,C,0
2026-01-06,2026-01-07,6925000,16.61,16.61,C,0
2026-01-06,2026-01-07,6926000,16.23,16.23,C,0
2026-01-06,2026-01-07,6927000,15.85,15.85,C,0
2026-01-06,2026-01-07,6928000,15.48,15.48,C,0
2026-01-06,2026-01-07,6929000,15.03,15.03,C,0
2026-01-06,2026-01-07,6930000,14.67,14.67,C,0
2026-01-06,2026-01-07,6931000,14.32,14.32,C,0
2026-01-06,2026-01-07,6932000,13.89,13.89,C,0
2026-01-06,2026-01-07,6933000,13.55,13.55,C,0
2026-01-06,2026-01-07,6934000,13.22,13.22,C,0
2026-01-06,2026-01-07,6935000,12.9,12.9,C,0
2026-01-06,2026-01-07,6936000,12.5,12.5,C,0
2026-01-06,2026-01-07,6937000,12.18,12.18,C,0
2026-01-06,2026-01-07,6938000,11.87,11.87,C,0
2026-01-06,2026-01-07,6939000,11.5,11.5,C,0
2026-01-06,2026-01-07,6940000,11.2,11.2,C,0
2026-01-06,2026-01-07,6941000,10.91,10.91,C,0
2026-01-06,2026-01-07,6942000,10.62,10.62,C,0
2026-01-06,2026-01-07,6943000,10.28,10.28,C,0
2026-01-06,2026-01-07,6944000,10.0,10.0,C,0
2026-01-06,2026-01-07,6945000,9.73,9.73,C,0
2026-01-06,2026-01-07,6946000,9.41,9.41,C,0
2026-01-06,2026-01-07,6947000,9.15,9.15,C,0
2026-01-06,2026-01-07,6948000,8.9,8.9,C,0
2026-01-06,2026-01-07,6949000,8.65,8.65,C,0
2026-01-06,2026-01-07,6950000,8.35,8.35,C,0
2026-01-06,2026-01-07,6951000,8.12,8.12,C,0
2026-01-06,2026-01-07,6952000,7.89,7.89,C,0
2026-01-06,2026-01-07,6953000,7.61,7.61,C,0
2026-01-06,2026-01-07,6954000,7.39,7.39,C,0
2026-01-06,2026-01-07,6955000,7.17,7.17,C,0
2026-01-06,2026-01-07,6956000,6.96,6.96,C,0
2026-01-06,2026-01-07,6957000,6.71,6.71,C,0
2026-01-06,2026-01-07,6958000,6.51,6.51,C,0
2026-01-06,2026-01-07,6959000,6.31,6.31,C,0
2026-01-06,2026-01-07,6960000,6.07,6.07,C,0
2026-01-06,2026-01-07,6961000,5.89,5.89,C,0
2026-01-06,2026-01-07,6962000,5.71,5.71,C,0
2026-01-06,2026-01-07,6963000,5.53,5.53,C,0
2026-01-06,2026-01-07,6964000,5.32,5.32,C,0
2026-01-06,2026-01-07,6965000,5.15,5.15,C,0
2026-01-06,2026-01-07,6966000,4.99,4.99,C,0
2026-01-06,2026-01-07,6967000,4.79,4.79,C,0
2026-01-06,2026-01-07,6968000,4.63,4.63,C,0
2026-01-06,2026-01-07,6969000,4.48,4.48,C,0
2026-01-06,2026-01-07,6970000,4.34,4.34,C,0
2026-01-06,2026-01-07,6971000,4.16,4.16,C,0
2026-01-06,2026-01-07,6972000,4.02,4.02,C,0
2026-01-06,2026-01-07,6973000,3.89,3.89,C,0
2026-01-06,2026-01-07,6974000,3.72,3.72,C,0
2026-01-06,2026-01-07,6975000,3.6,3.6,C,0
2026-01-06,2026-01-07,6976000,3.47,3.47,C,0
2026-01-06,2026-01-07,6977000,3.35,3.35,C,0
2026-01-06,2026-01-07,6978000,3.21,3.21,C,0
2026-01-06,2026-01-07,6979000,3.1,3.1,C,0
2026-01-06,2026-01-07,6980000,2.99,2.99,C,0
2026-01-06,2026-01-07,6981000,2.85,2.85,C,0
2026-01-06,2026-01-07,6982000,2.75,2.75,C,0
2026-01-06,2026-01-07,6983000,2.65,2.65,C,0
2026-01-06,2026-01-07,6984000,2.56,2.56,C,0
2026-01-06,2026-01-07,6985000,2.44,2.44,C,0
2026-01-06,2026-01-07,6986000,2.35,2.35,C,0
2026-01-06,2026-01-07,6987000,2.26,2.26,C,0
2026-01-06,2026-01-07,6988000,2.16,2.16,C,0
2026-01-06,2026-01-07,6989000,2.08,2.08,C,0
2026-01-06,2026-01-07,6990000,2.0,2.0,C,0
2026-01-06,2026-01-07,6991000,1.92,1.92,C,0
2026-01-06,2026-01-07,6992000,1.83,1.83,C,0
2026-01-06,2026-01-07,6993000,1.76,1.76,C,0
2026-01-06,2026-01-07,6994000,1.69,1.69,C,0
2026-01-06,2026-01-07,6995000,1.61,1.61,C,0
2026-01-06,2026-01-07,6996000,1.54,1.54,C,0
2026-01-06,2026-01-07,6997000,1.48,1.48,C,0
2026-01-06,2026-01-07,6998000,1.42,1.42,C,0
2026-01-06,2026-01-07,6999000,1.35,1.35,C,0
2026-01-06,2026-01-07,7000000,1.29,1.29,C,0
2026-01-06,2026-01-07,7001000,1.24,1.24,C,0
2026-01-06,2026-01-07,7002000,1.19,1.19,C,0
2026-01-06,2026-01-07,7003000,1.13,1.13,C,0
2026-01-06,2026-01-07,7004000,1.08,1.08,C,0
2026-01-06,2026-01-07,7005000,1.03,1.03,C,0
2026-01-06,2026-01-07,7006000,0.98,0.98,C,0
2026-01-06,2026-01-07,7007000,0.94,0.94,C,0
2026-01-06,2026-01-07,7008000,0.9,0.9,C,0
2026-01-06,2026-01-07,7009000,0.86,0.86,C,0
2026-01-06,2026-01-07,7010000,0.81,0.81,C,0
2026-01-06,2026-01-07,7011000,0.77,0.77,C,0
2026-01-06,2026-01-07,7012000,0.74,0.74,C,0
2026-01-06,2026-01-07,7013000,0.7,0.7,C,0
2026-01-06,2026-01-07,7014000,0.67,0.67,C,0
2026-01-06,2026-01-07,7015000,0.64,0.64,C,0
2026-01-06,2026-01-07,7016000,0.61,0.61,C,0
2026-01-06,2026-01-07,7017000,0.57,0.57,C,0
2026-01-06,2026-01-07,7018000,0.55,0.55,C,0
2026-01-06,2026-01-07,7019000,0.52,0.52,C,0
2026-01-06,2026-01-07,7020000,0.49,0.49,C,0
2026-01-06,2026-01-07,7021000,0.47,0.47,C,0
2026-01-06,2026-01-07,7022000,0.44,0.44,C,0
2026-01-06,2026-01-07,7023000,0.42,0.42,C,0
2026-01-06,2026-01-07,7024000,0.4,0.4,C,0
2026-01-06,2026-01-07,7025000,0.38,0.38,C,0
2026-01-06,2026-01-07,7026000,0.36,0.36,C,0
2026-01-06,2026-01-07,7027000,0.34,0.34,C,0
2026-01-06,2026-01-07,7028000,0.32,0.32,C,0
2026-01-06,2026-01-07,7029000,0.31,0.31,C,0
2026-01-06,2026-01-07,7030000,0.29,0.29,C,0
2026-01-06,2026-01-07,7031000,0.27,0.27,C,0
2026-01-06,2026-01-07,7032000,0.26,0.26,C,0
2026-01-06,2026-01-07,7033000,0.24,0.24,C,0
2026-01-06,2026-01-07,7034000,0.23,0.23,C,0
2026-01-06,2026-01-07,7035000,0.22,0.22,C,0
2026-01-06,2026-01-07,7036000,0.21,0.21,C,0
2026-01-06,2026-01-07,7037000,0.19,0.19,C,0
2026-01-06,2026-01-07,7038000,0.18,0.18,C,0
2026-01-06,2026-01-07,7039000,0.17,0.17,C,0
2026-01-06,2026-01-07,7040000,0.16,0.16,C,0
2026-01-06,2026-01-07,7041000,0.15,0.15,C,0
2026-01-06,2026-01-07,7042000,0.14,0.14,C,0
2026-01-06,2026-01-07,7043000,0.14,0.14,C,0
2026-01-06,2026-01-07,7044000,0.13,0.13,C,0
2026-01-06,2026-01-07,7045000,0.12,0.12,C,0
2026-01-06,2026-01-07,7046000,0.11,0.11,C,0
2026-01-06,2026-01-07,7047000,0.11,0.11,C,0
2026-01-06,2026-01-07,7048000,0.1,0.1,C,0
2026-01-06,2026-01-07,7049000,0.09,0.09,C,0
2026-01-06,2026-01-07,7050000,0.09,0.09,C,0
2026-01-06,2026-01-07,7051000,0.08,0.08,C,0
2026-01-06,2026-01-07,7052000,0.08,0.08,C,0
2026-01-06,2026-01-07,7053000,0.07,0.07,C,0
2026-01-06,2026-01-07,7054000,0.07,0.07,C,0
2026-01-06,2026-01-07,7055000,0.06,0.06,C,0
2026-01-06,2026-01-07,7056000,0.06,0.06,C,0
2026-01-06,2026-01-07,7057000,0.06,0.06,C,0
2026-01-06,2026-01-07,7058000,0.05,0.05,C,0
2026-01-06,2026-01-07,7059000,0.05,0.05,C,0
2026-01-06,2026-01-07,7060000,0.05,0.05,C,0
2026-01-06,2026-01-07,7061000,0.04,0.04,C,0
2026-01-06,2026-01-07,7062000,0.04,0.04,C,0
2026-01-06,2026-01-07,7063000,0.04,0.04,C,0
2026-01-06,2026-01-07,7064000,0.03,0.03,C,0
2026-01-06,2026-01-07,7065000,0.03,0.03,C,0
2026-01-06,2026-01-07,7066000,0.03,0.03,C,0
2026-01-06,2026-01-07,7067000,0.03,0.03,C,0
2026-01-06,2026-01-07,7068000,0.03,0.03,C,0
2026-01-06,2026-01-07,7069000,0.02,0.02,C,0
2026-01-06,2026-01-07,7070000,0.02,0.02,C,0
2026-01-06,2026-01-07,7071000,0.02,0.02,C,0
2026-01-06,2026-01-07,7072000,0.02,0.02,C,0
2026-01-06,2026-01-07,7073000,0.02,0.02,C,0
2026-01-06,2026-01-07,7074000,0.02,0.02,C,0
2026-01-06,2026-01-07,7075000,0.02,0.02,C,0
2026-01-06,2026-01-07,7076000,0.01,0.01,C,0
2026-01-06,2026-01-07,7077000,0.01,0.01,C,0
2026-01-06,2026-01-07,7078000,0.01,0.01,C,0
2026-01-06,2026-01-07,7079000,0.01,0.01,C,0
2026-01-06,2026-01-07,7080000,0.01,0.01,C,0
2026-01-06,2026-01-07,7081000,0.01,0.01,C,0
2026-01-06,2026-01-07,7082000,0.01,0.01,C,0
2026-01-06,2026-01-07,7083000,0.01,0.01,C,0
2026-01-06,2026-01-07,7084000,0.01,0.01,C,0
2026-01-06,2026-01-07,7085000,0.01,0.01,C,0
2026-01-06,2026-01-07,7086000,0.01,0.01,C,0
2026-01-06,2026-01-07,7087000,0.01,0.01,C,0
2026-01-06,2026-01-07,7088000,0.01,0.01,C,0
2026-01-06,2026-01-07,7089000,0.01,0.01,C,0
2026-01-06,2026-01-07,7090000,0.0,0.0,C,0
2026-01-06,2026-01-07,7091000,0.0,0.0,C,0
2026-01-06,2026-01-07,7092000,0.0,0.0,C,0
2026-01-06,2026-01-07,7093000,0.0,0.0,C,0
2026-01-06,2026-01-07,7094000,0.0,0.0,C,0
2026-01-06,2026-01-07,7095000,0.0,0.0,C,0
2026-01-06,2026-01-07,7096000,0.0,0.0,C,0
2026-01-06,2026-01-07,7097000,0.0,0.0,C,0
2026-01-06,2026-01-07,7098000,0.0,0.0,C,0
2026-01-06,2026-01-07,7099000,0.0,0.0,C,0
2026-01-06,2026-01-07,7100000,0.0,0.0,C,0
2026-01-06,2026-01-13,6400000,512.72,512.72,C,0
2026-01-06,2026-01-13,6401000,512.02,512.02,C,0
2026-01-06,2026-01-13,6402000,511.09,511.09,C,0
2026-01-06,2026-01-13,6403000,510.16,510.16,C,0
2026-01-06,2026-01-13,6404000,509.23,509.23,C,0
2026-01-06,2026-01-13,6405000,508.06,508.06,C,0
2026-01-06,2026-01-13,6406000,507.13,507.13,C,0
2026-01-06,2026-01-13,6407000,506.19,506.19,C,0
2026-01-06,2026-01-13,6408000,505.03,505.03,C,0
2026-01-06,2026-01-13,6409000,504.1,504.1,C,0
2026-01-06,2026-01-13,6410000,503.16,503.16,C,0
2026-01-06,2026-01-13,6411000,502.23,502.23,C,0
2026-01-06,2026-01-13,6412000,501.07,501.07,C,0
2026-01-06,2026-01-13,6413000,500.13,500.13,C,0
2026-01-06,2026-01-13,6414000,499.2,499.2,C,0
2026-01-06,2026-01-13,6415000,498.03,498.03,C,0
2026-01-06,2026-01-13,6416000,497.1,497.1,C,0
2026-01-06,2026-01-13,6417000,496.17,496.17,C,0
2026-01-06,2026-01-13,6418000,495.24,495.24,C,0
2026-01-06,2026-01-13,6419000,494.07,494.07,C,0
2026-01-06,2026-01-13,6420000,493.14,493.14,C,0
2026-01-06,2026-01-13,6421000,492.21,492.21,C,0
2026-01-06,2026-01-13,6422000,491.04,491.04,C,0
2026-01-06,2026-01-13,6423000,490.11,490.11,C,0
2026-01-06,2026-01-13,6424000,489.18,489.18,C,0
2026-01-06,2026-01-13,6425000,488.24,488.24,C,0
2026-01-06,2026-01-13,6426000,487.08,487.08,C,0
2026-01-06,2026-01-13,6427000,486.14,486.14,C,0
2026-01-06,2026-01-13,6428000,485.21,485.21,C,0
2026-01-06,2026-01-13,6429000,484.05,484.05,C,0
2026-01-06,2026-01-13,6430000,483.11,483.11,C,0
2026-01-06,2026-01-13,6431000,482.18,482.18,C,0
2026-01-06,2026-01-13,6432000,481.25,481.25,C,0
2026-01-06,2026-01-13,6433000,480.08,480.08,C,0
2026-01-06,2026-01-13,6434000,479.15,479.15,C,0
2026-01-06,2026-01-13,6435000,478.22,478.22,C,0
2026-01-06,2026-01-13,6436000,477.05,477.05,C,0
2026-01-06,2026-01-13,6437000,476.12,476.12,C,0
2026-01-06,2026-01-13,6438000,475.19,475.19,C,0
2026-01-06,2026-01-13,6439000,474.26,474.26,C,0
2026-01-06,2026-01-13,6440000,473.09,473.09,C,0
2026-01-06,2026-01-13,6441000,472.16,472.16,C,0
2026-01-06,2026-01-13,6442000,471.22,471.22,C,0
2026-01-06,2026-01-13,6443000,470.06,470.06,C,0
2026-01-06,2026-01-13,6444000,469.13,469.13,C,0
2026-01-06,2026-01-13,6445000,468.19,468.19,C,0
2026-01-06,2026-01-13,6446000,467.26,467.26,C,0
2026-01-06,2026-01-13,6447000,466.1,466.1,C,0
2026-01-06,2026-01-13,6448000,465.16,465.16,C,0
2026-01-06,2026-01-13,6449000,464.23,464.23,C,0
2026-01-06,2026-01-13,6450000,463.07,463.07,C,0
2026-01-06,2026-01-13,6451000,462.13,462.13,C,0
2026-01-06,2026-01-13,6452000,461.2,461.2,C,0
2026-01-06,2026-01-13,6453000,460.27,460.27,C,0
2026-01-06,2026-01-13,6454000,459.1,459.1,C,0
2026-01-06,2026-01-13,6455000,458.17,458.17,C,0
2026-01-06,2026-01-13,6456000,457.24,457.24,C,0
2026-01-06,2026-01-13,6457000,456.07,456.07,C,0
2026-01-06,2026-01-13,6458000,455.14,455.14,C,0
2026-01-06,2026-01-13,6459000,454.21,454.21,C,0
2026-01-06,2026-01-13,6460000,453.28,453.28,C,0
2026-01-06,2026-01-13,6461000,452.11,452.11,C,0
2026-01-06,2026-01-13,6462000,451.18,451.18,C,0
2026-01-06,2026-01-13,6463000,450.25,450.25,C,0
2026-01-06,2026-01-13,6464000,449.08,449.08,C,0
2026-01-06,2026-01-13,6465000,448.15,448.15,C,0
2026-01-06,2026-01-13,6466000,447.22,447.22,C,0
2026-01-06,2026-01-13,6467000,446.29,446.29,C,0
2026-01-06,2026-01-13,6468000,445.12,445.12,C,0
2026-01-06,2026-01-13,6469000,444.19,444.19,C,0
2026-01-06,2026-01-13,6470000,443.26,443.26,C,0
2026-01-06,2026-01-13,6471000,442.09,442.09,C,0
2026-01-06,2026-01-13,6472000,441.16,441.16,C,0
2026-01-06,2026-01-13,6473000,440.23,440.23,C,0
2026-01-06,2026-01-13,6474000,439.3,439.3,C,0
2026-01-06,2026-01-13,6475000,438.13,438.13,C,0
2026-01-06,2026-01-13,6476000,437.2,437.2,C,0
2026-01-06,2026-01-13,6477000,436.27,436.27,C,0
2026-01-06,2026-01-13,6478000,435.1,435.1,C,0
2026-01-06,2026-01-13,6479000,434.17,434.17,C,0
2026-01-06,2026-01-13,6480000,433.24,433.24,C,0
2026-01-06,2026-01-13,6481000,432.31,432.31,C,0
2026-01-06,2026-01-13,6482000,431.14,431.14,C,0
2026-01-06,2026-01-13,6483000,430.21,430.21,C,0
2026-01-06,2026-01-13,6484000,429.28,429.28,C,0
2026-01-06,2026-01-13,6485000,428.11,428.11,C,0
2026-01-06,2026-01-13,6486000,427.18,427.18,C,0
2026-01-06,2026-01-13,6487000,426.25,426.25,C,0
2026-01-06,2026-01-13,6488000,425.32,425.32,C,0
2026-01-06,2026-01-13,6489000,424.15,424.15,C,0
2026-01-06,2026-01-13,6490000,423.22,423.22,C,0
2026-01-06,2026-01-13,6491000,422.29,422.29,C,0
2026-01-06,2026-01-13,6492000,421.13,421.13,C,0
2026-01-06,2026-01-13,6493000,420.19,420.19,C,0
2026-01-06,2026-01-13,6494000,419.26,419.26,C,0
2026-01-06,2026-01-13,6495000,418.33,418.33,C,0
2026-01-06,2026-01-13,6496000,417.17,417.17,C,0
2026-01-06,2026-01-13,6497000,416.24,416.24,C,0
2026-01-06,2026-01-13,6498000,415.3,415.3,C,0
2026-01-06,2026-01-13,6499000,414.14,414.14,C,0
2026-01-06,2026-01-13,6500000,413.21,413.21,C,0
2026-01-06,2026-01-13,6501000,412.28,412.28,C,0
2026-01-06,2026-01-13,6502000,411.35,411.35,C,0
2026-01-06,2026-01-13,6503000,410.18,410.18,C,0
2026-01-06,2026-01-13,6504000,409.25,409.25,C,0
2026-01-06,2026-01-13,6505000,408.32,408.32,C,0
2026-01-06,2026-01-13,6506000,407.39,407.39,C,0
2026-01-06,2026-01-13,6507000,406.22,406.22,C,0
2026-01-06,2026-01-13,6508000,405.29,405.29,C,0
2026-01-06,2026-01-13,6509000,404.36,404.36,C,0
2026-01-06,2026-01-13,6510000,403.2,403.2,C,0
2026-01-06,2026-01-13,6511000,402.26,402.26,C,0
2026-01-06,2026-01-13,6512000,401.33,401.33,C,0
2026-01-06,2026-01-13,6513000,400.4,400.4,C,0
2026-01-06,2026-01-13,6514000,399.24,399.24,C,0
2026-01-06,2026-01-13,6515000,398.31,398.31,C,0
2026-01-06,2026-01-13,6516000,397.38,397.38,C,0
2026-01-06,2026-01-13,6517000,396.21,396.21,C,0
2026-01-06,2026-01-13,6518000,395.28,395.28,C,0
2026-01-06,2026-01-13,6519000,394.35,394.35,C,0
2026-01-06,2026-01-13,6520000,393.42,393.42,C,0
2026-01-06,2026-01-13,6521000,392.26,392.26,C,0
2026-01-06,2026-01-13,6522000,391.33,391.33,C,0
2026-01-06,2026-01-13,6523000,390.39,390.39,C,0
2026-01-06,2026-01-13,6524000,389.23,389.23,C,0
2026-01-06,2026-01-13,6525000,388.3,388.3,C,0
2026-01-06,2026-01-13,6526000,387.37,387.37,C,0
2026-01-06,2026-01-13,6527000,386.44,386.44,C,0
2026-01-06,2026-01-13,6528000,385.28,385.28,C,0
2026-01-06,2026-01-13,6529000,384.34,384.34,C,0
2026-01-06,2026-01-13,6530000,383.41,383.41,C,0
2026-01-06,2026-01-13,6531000,382.25,382.25,C,0
2026-01-06,2026-01-13,6532000,381.32,381.32,C,0
2026-01-06,2026-01-13,6533000,380.39,380.39,C,0
2026-01-06,2026-01-13,6534000,379.46,379.46,C,0
2026-01-06,2026-01-13,6535000,378.3,378.3,C,0
2026-01-06,2026-01-13,6536000,377.37,377.37,C,0
2026-01-06,2026-01-13,6537000,376.44,376.44,C,0
2026-01-06,2026-01-13,6538000,375.27,375.27,C,0
2026-01-06,2026-01-13,6539000,374.34,374.34,C,0
2026-01-06,2026-01-13,6540000,373.41,373.41,C,0
2026-01-06,2026-01-13,6541000,372.48,372.48,C,0
2026-01-06,2026-01-13,6542000,371.32,371.32,C,0
2026-01-06,2026-01-13,6543000,370.39,370.39,C,0
2026-01-06,2026-01-13,6544000,369.46,369.46,C,0
2026-01-06,2026-01-13,6545000,368.3,368.3,C,0
2026-01-06,2026-01-13,6546000,367.37,367.37,C,0
2026-01-06,2026-01-13,6547000,366.44,366.44,C,0
2026-01-06,2026-01-13,6548000,365.51,365.51,C,0
2026-01-06,2026-01-13,6549000,364.34,364.34,C,0
2026-01-06,2026-01-13,6550000,363.41,363.41,C,0
2026-01-06,2026-01-13,6551000,362.48,362.48,C,0
2026-01-06,2026-01-13,6552000,361.32,361.32,C,0
2026-01-06,2026-01-13,6553000,360.39,360.39,C,0
2026-01-06,2026-01-13,6554000,359.46,359.46,C,0
2026-01-06,2026-01-13,6555000,358.53,358.53,C,0
2026-01-06,2026-01-13,6556000,357.37,357.37,C,0
2026-01-06,2026-01-13,6557000,356.44,356.44,C,0
2026-01-06,2026-01-13,6558000,355.51,355.51,C,0
2026-01-06,2026-01-13,6559000,354.35,354.35,C,0
2026-01-06,2026-01-13,6560000,353.42,353.42,C,0
2026-01-06,2026-01-13,6561000,352.49,352.49,C,0
2026-01-06,2026-01-13,6562000,351.56,351.56,C,0
2026-01-06,2026-01-13,6563000,350.4,350.4,C,0
2026-01-06,2026-01-13,6564000,349.47,349.47,C,0
2026-01-06,2026-01-13,6565000,348.55,348.55,C,0
2026-01-06,2026-01-13,6566000,347.38,347.38,C,0
2026-01-06,2026-01-13,6567000,346.46,346.46,C,0
2026-01-06,2026-01-13,6568000,345.53,345.53,C,0
2026-01-06,2026-01-13,6569000,344.6,344.6,C,0
2026-01-06,2026-01-13,6570000,343.44,343.44,C,0
2026-01-06,2026-01-13,6571000,342.51,342.51,C,0
2026-01-06,2026-01-13,6572000,341.58,341.58,C,0
2026-01-06,2026-01-13,6573000,340.42,340.42,C,0
2026-01-06,2026-01-13,6574000,339.49,339.49,C,0
2026-01-06,2026-01-13,6575000,338.56,338.56,C,0
2026-01-06,2026-01-13,6576000,337.63,337.63,C,0
2026-01-06,2026-01-13,6577000,336.47,336.47,C,0
2026-01-06,2026-01-13,6578000,335.55,335.55,C,0
2026-01-06,2026-01-13,6579000,334.62,334.62,C,0
2026-01-06,2026-01-13,6580000,333.46,333.46,C,0
2026-01-06,2026-01-13,6581000,332.53,332.53,C,0
2026-01-06,2026-01-13,6582000,331.6,331.6,C,0
2026-01-06,2026-01-13,6583000,330.67,330.67,C,0
2026-01-06,2026-01-13,6584000,329.52,329.52,C,0
2026-01-06,2026-01-13,6585000,328.59,328.59,C,0
2026-01-06,2026-01-13,6586000,327.66,327.66,C,0
2026-01-06,2026-01-13,6587000,326.5,326.5,C,0
2026-01-06,2026-01-13,6588000,325.57,325.57,C,0
2026-01-06,2026-01-13,6589000,324.65,324.65,C,0
2026-01-06,2026-01-13,6590000,323.72,323.72,C,0
2026-01-06,2026-01-13,6591000,322.56,322.56,C,0
2026-01-06,2026-01-13,6592000,321.63,321.63,C,0
2026-01-06,2026-01-13,6593000,320.71,320.71,C,0
2026-01-06,2026-01-13,6594000,319.55,319.55,C,0
2026-01-06,2026-01-13,6595000,318.62,318.62,C,0
2026-01-06,2026-01-13,6596000,317.7,317.7,C,0
2026-01-06,2026-01-13,6597000,316.77,316.77,C,0
2026-01-06,2026-01-13,6598000,315.61,315.61,C,0
2026-01-06,2026-01-13,6599000,314.68,314.68,C,0
2026-01-06,2026-01-13,6600000,313.76,313.76,C,0
2026-01-06,2026-01-13,6601000,312.83,312.83,C,0
2026-01-06,2026-01-13,6602000,311.67,311.67,C,0
2026-01-06,2026-01-13,6603000,310.75,310.75,C,0
2026-01-06,2026-01-13,6604000,309.82,309.82,C,0
2026-01-06,2026-01-13,6605000,308.67,308.67,C,0
2026-01-06,2026-01-13,6606000,307.74,307.74,C,0
2026-01-06,2026-01-13,6607000,306.82,306.82,C,0
2026-01-06,2026-01-13,6608000,305.89,305.89,C,0
2026-01-06,2026-01-13,6609000,304.73,304.73,C,0
2026-01-06,2026-01-13,6610000,303.81,303.81,C,0
2026-01-06,2026-01-13,6611000,302.88,302.88,C,0
2026-01-06,2026-01-13,6612000,301.73,301.73,C,0
2026-01-06,2026-01-13,6613000,300.8,300.8,C,0
2026-01-06,2026-01-13,6614000,299.88,299.88,C,0
2026-01-06,2026-01-13,6615000,298.95,298.95,C,0
2026-01-06,2026-01-13,6616000,297.8,297.8,C,0
2026-01-06,2026-01-13,6617000,296.87,296.87,C,0
2026-01-06,2026-01-13,6618000,295.95,295.95,C,0
2026-01-06,2026-01-13,6619000,294.79,294.79,C,0
2026-01-06,2026-01-13,6620000,293.87,293.87,C,0
2026-01-06,2026-01-13,6621000,292.95,292.95,C,0
2026-01-06,2026-01-13,6622000,292.02,292.02,C,0
2026-01-06,2026-01-13,6623000,290.87,290.87,C,0
2026-01-06,2026-01-13,6624000,289.95,289.95,C,0
2026-01-06,2026-01-13,6625000,289.02,289.02,C,0
2026-01-06,2026-01-13,6626000,287.87,287.87,C,0
2026-01-06,2026-01-13,6627000,286.95,286.95,C,0
2026-01-06,2026-01-13,6628000,286.02,286.02,C,0
2026-01-06,2026-01-13,6629000,285.1,285.1,C,0
2026-01-06,2026-01-13,6630000,283.95,283.95,C,0
2026-01-06,2026-01-13,6631000,283.03,283.03,C,0
2026-01-06,2026-01-13,6632000,282.1,282.1,C,0
2026-01-06,2026-01-13,6633000,280.95,280.95,C,0
2026-01-06,2026-01-13,6634000,280.03,280.03,C,0
2026-01-06,2026-01-13,6635000,279.11,279.11,C,0
2026-01-06,2026-01-13,6636000,278.19,278.19,C,0
2026-01-06,2026-01-13,6637000,277.03,277.03,C,0
2026-01-06,2026-01-13,6638000,276.11,276.11,C,0
2026-01-06,2026-01-13,6639000,275.19,275.19,C,0
2026-01-06,2026-01-13,6640000,274.04,274.04,C,0
2026-01-06,2026-01-13,6641000,273.12,273.12,C,0
2026-01-06,2026-01-13,6642000,272.2,272.2,C,0
2026-01-06,2026-01-13,6643000,271.28,271.28,C,0
2026-01-06,2026-01-13,6644000,270.13,270.13,C,0
2026-01-06,2026-01-13,6645000,269.21,269.21,C,0
2026-01-06,2026-01-13,6646000,268.29,268.29,C,0
2026-01-06,2026-01-13,6647000,267.14,267.14,C,0
2026-01-06,2026-01-13,6648000,266.22,266.22,C,0
2026-01-06,2026-01-13,6649000,265.3,265.3,C,0
2026-01-06,2026-01-13,6650000,264.38,264.38,C,0
2026-01-06,2026-01-13,6651000,263.24,263.24,C,0
2026-01-06,2026-01-13,6652000,262.32,262.32,C,0
2026-01-06,2026-01-13,6653000,261.4,261.4,C,0
2026-01-06,2026-01-13,6654000,260.25,260.25,C,0
2026-01-06,2026-01-13,6655000,259.33,259.33,C,0
2026-01-06,2026-01-13,6656000,258.42,258.42,C,0
2026-01-06,2026-01-13,6657000,257.5,257.5,C,0
2026-01-06,2026-01-13,6658000,256.35,256.35,C,0
2026-01-06,2026-01-13,6659000,255.44,255.44,C,0
2026-01-06,2026-01-13,6660000,254.52,254.52,C,0
2026-01-06,2026-01-13,6661000,253.37,253.37,C,0
2026-01-06,2026-01-13,6662000,252.46,252.46,C,0
2026-01-06,2026-01-13,6663000,251.54,251.54,C,0
2026-01-06,2026-01-13,6664000,250.63,250.63,C,0
2026-01-06,2026-01-13,6665000,249.48,249.48,C,0
2026-01-06,2026-01-13,6666000,248.57,248.57,C,0
2026-01-06,2026-01-13,6667000,247.65,247.65,C,0
2026-01-06,2026-01-13,6668000,246.51,246.51,C,0
2026-01-06,2026-01-13,6669000,245.59,245.59,C,0
2026-01-06,2026-01-13,6670000,244.68,244.68,C,0
2026-01-06,2026-01-13,6671000,243.77,243.77,C,0
2026-01-06,2026-01-13,6672000,242.62,242.62,C,0
2026-01-06,2026-01-13,6673000,241.71,241.71,C,0
2026-01-06,2026-01-13,6674000,240.8,240.8,C,0
2026-01-06,2026-01-13,6675000,239.66,239.66,C,0
2026-01-06,2026-01-13,6676000,238.74,238.74,C,0
2026-01-06,2026-01-13,6677000,237.83,237.83,C,0
2026-01-06,2026-01-13,6678000,236.92,236.92,C,0
2026-01-06,2026-01-13,6679000,235.78,235.78,C,0
2026-01-06,2026-01-13,6680000,234.87,234.87,C,0
2026-01-06,2026-01-13,6681000,233.96,233.96,C,0
2026-01-06,2026-01-13,6682000,232.82,232.82,C,0
2026-01-06,2026-01-13,6683000,231.91,231.91,C,0
2026-01-06,2026-01-13,6684000,231.0,231.0,C,0
2026-01-06,2026-01-13,6685000,230.09,230.09,C,0
2026-01-06,2026-01-13,6686000,228.95,228.95,C,0
2026-01-06,2026-01-13,6687000,228.05,228.05,C,0
2026-01-06,2026-01-13,6688000,227.14,227.14,C,0
2026-01-06,2026-01-13,6689000,226.0,226.0,C,0
2026-01-06,2026-01-13,6690000,225.09,225.09,C,0
2026-01-06,2026-01-13,6691000,224.19,224.19,C,0
2026-01-06,2026-01-13,6692000,223.28,223.28,C,0
2026-01-06,2026-01-13,6693000,222.15,222.15,C,0
2026-01-06,2026-01-13,6694000,221.24,221.24,C,0
2026-01-06,2026-01-13,6695000,220.33,220.33,C,0
2026-01-06,2026-01-13,6696000,219.2,219.2,C,0
2026-01-06,2026-01-13,6697000,218.3,218.3,C,0
2026-01-06,2026-01-13,6698000,217.39,217.39,C,0
2026-01-06,2026-01-13,6699000,216.49,216.49,C,0
2026-01-06,2026-01-13,6700000,215.36,215.36,C,0
2026-01-06,2026-01-13,6701000,214.45,214.45,C,0
2026-01-06,2026-01-13,6702000,213.55,213.55,C,0
2026-01-06,2026-01-13,6703000,212.65,212.65,C,0
2026-01-06,2026-01-13,6704000,211.52,211.52,C,0
2026-01-06,2026-01-13,6705000,210.62,210.62,C,0
2026-01-06,2026-01-13,6706000,209.71,209.71,C,0
2026-01-06,2026-01-13,6707000,208.59,208.59,C,0
2026-01-06,2026-01-13,6708000,207.69,207.69,C,0
2026-01-06,2026-01-13,6709000,206.79,206.79,C,0
2026-01-06,2026-01-13,6710000,205.89,205.89,C,0
2026-01-06,2026-01-13,6711000,204.76,204.76,C,0
2026-01-06,2026-01-13,6712000,203.86,203.86,C,0
2026-01-06,2026-01-13,6713000,202.97,202.97,C,0
2026-01-06,2026-01-13,6714000,201.84,201.84,C,0
2026-01-06,2026-01-13,6715000,200.95,200.95,C,0
2026-01-06,2026-01-13,6716000,200.05,200.05,C,0
2026-01-06,2026-01-13,6717000,199.15,199.15,C,0
2026-01-06,2026-01-13,6718000,198.03,198.03,C,0
2026-01-06,2026-01-13,6719000,197.14,197.14,C,0
2026-01-06,2026-01-13,6720000,196.24,196.24,C,0
2026-01-06,2026-01-13,6721000,195.12,195.12,C,0
2026-01-06,2026-01-13,6722000,194.23,194.23,C,0
2026-01-06,2026-01-13,6723000,193.34,193.34,C,0
2026-01-06,2026-01-13,6724000,192.44,192.44,C,0
2026-01-06,2026-01-13,6725000,191.33,191.33,C,0
2026-01-06,2026-01-13,6726000,190.44,190.44,C,0
2026-01-06,2026-01-13,6727000,189.55,189.55,C,0
2026-01-06,2026-01-13,6728000,188.43,188.43,C,0
2026-01-06,2026-01-13,6729000,187.54,187.54,C,0
2026-01-06,2026-01-13,6730000,186.66,186.66,C,0
2026-01-06,2026-01-13,6731000,185.77,185.77,C,0
2026-01-06,2026-01-13,6732000,184.66,184.66,C,0
2026-01-06,2026-01-13,6733000,183.77,183.77,C,0
2026-01-06,2026-01-13,6734000,182.88,182.88,C,0
2026-01-06,2026-01-13,6735000,181.77,181.77,C,0
2026-01-06,2026-01-13,6736000,180.89,180.89,C,0
2026-01-06,2026-01-13,6737000,180.0,180.0,C,0
2026-01-06,2026-01-13,6738000,179.12,179.12,C,0
2026-01-06,2026-01-13,6739000,178.02,178.02,C,0
2026-01-06,2026-01-13,6740000,177.13,177.13,C,0
2026-01-06,2026-01-13,6741000,176.25,176.25,C,0
2026-01-06,2026-01-13,6742000,175.15,175.15,C,0
2026-01-06,2026-01-13,6743000,174.27,174.27,C,0
2026-01-06,2026-01-13,6744000,173.39,173.39,C,0
2026-01-06,2026-01-13,6745000,172.51,172.51,C,0
2026-01-06,2026-01-13,6746000,171.41,171.41,C,0
2026-01-06,2026-01-13,6747000,170.53,170.53,C,0
2026-01-06,2026-01-13,6748000,169.66,169.66,C,0
2026-01-06,2026-01-13,6749000,168.56,168.56,C,0
2026-01-06,2026-01-13,6750000,167.69,167.69,C,0
2026-01-06,2026-01-13,6751000,166.81,166.81,C,0
2026-01-06,2026-01-13,6752000,165.94,165.94,C,0
2026-01-06,2026-01-13,6753000,164.85,164.85,C,0
2026-01-06,2026-01-13,6754000,163.97,163.97,C,0
2026-01-06,2026-01-13,6755000,163.1,163.1,C,0
2026-01-06,2026-01-13,6756000,162.01,162.01,C,0
2026-01-06,2026-01-13,6757000,161.14,161.14,C,0
2026-01-06,2026-01-13,6758000,160.28,160.28,C,0
2026-01-06,2026-01-13,6759000,159.41,159.41,C,0
2026-01-06,2026-01-13,6760000,158.32,158.32,C,0
2026-01-06,2026-01-13,6761000,157.46,157.46,C,0
2026-01-06,2026-01-13,6762000,156.59,156.59,C,0
2026-01-06,2026-01-13,6763000,155.51,155.51,C,0
2026-01-06,2026-01-13,6764000,154.65,154.65,C,0
2026-01-06,2026-01-13,6765000,153.78,153.78,C,0
2026-01-06,2026-01-13,6766000,152.92,152.92,C,0
2026-01-06,2026-01-13,6767000,151.85,151.85,C,0
2026-01-06,2026-01-13,6768000,150.99,150.99,C,0
2026-01-06,2026-01-13,6769000,150.13,150.13,C,0
2026-01-06,2026-01-13,6770000,149.06,149.06,C,0
2026-01-06,2026-01-13,6771000,148.2,148.2,C,0
2026-01-06,2026-01-13,6772000,147.34,147.34,C,0
2026-01-06,2026-01-13,6773000,146.49,146.49,C,0
2026-01-06,2026-01-13,6774000,145.42,145.42,C,0
2026-01-06,2026-01-13,6775000,144.57,144.57,C,0
2026-01-06,2026-01-13,6776000,143.72,143.72,C,0
2026-01-06,2026-01-13,6777000,142.65,142.65,C,0
2026-01-06,2026-01-13,6778000,141.81,141.81,C,0
2026-01-06,2026-01-13,6779000,140.96,140.96,C,0
2026-01-06,2026-01-13,6780000,140.11,140.11,C,0
2026-01-06,2026-01-13,6781000,139.05,139.05,C,0
2026-01-06,2026-01-13,6782000,138.21,138.21,C,0
2026-01-06,2026-01-13,6783000,137.36,137.36,C,0
2026-01-06,2026-01-13,6784000,136.31,136.31,C,0
2026-01-06,2026-01-13,6785000,135.47,135.47,C,0
2026-01-06,2026-01-13,6786000,134.63,134.63,C,0
2026-01-06,2026-01-13,6787000,133.79,133.79,C,0
2026-01-06,2026-01-13,6788000,132.74,132.74,C,0
2026-01-06,2026-01-13,6789000,131.91,131.91,C,0
2026-01-06,2026-01-13,6790000,131.07,131.07,C,0
2026-01-06,2026-01-13,6791000,130.03,130.03,C,0
2026-01-06,2026-01-13,6792000,129.2,129.2,C,0
2026-01-06,2026-01-13,6793000,128.37,128.37,C,0
2026-01-06,2026-01-13,6794000,127.53,127.53,C,0
2026-01-06,2026-01-13,6795000,126.5,126.5,C,0
2026-01-06,2026-01-13,6796000,125.67,125.67,C,0
2026-01-06,2026-01-13,6797000,124.85,124.85,C,0
2026-01-06,2026-01-13,6798000,123.82,123.82,C,0
2026-01-06,2026-01-13,6799000,122.99,122.99,C,0
2026-01-06,2026-01-13,6800000,122.17,122.17,C,0
2026-01-06,2026-01-13,6801000,121.35,121.35,C,0
2026-01-06,2026-01-13,6802000,120.33,120.33,C,0
2026-01-06,2026-01-13,6803000,119.51,119.51,C,0
2026-01-06,2026-01-13,6804000,118.69,118.69,C,0
2026-01-06,2026-01-13,6805000,117.88,117.88,C,0
2026-01-06,2026-01-13,6806000,116.86,116.86,C,0
2026-01-06,2026-01-13,6807000,116.05,116.05,C,0
2026-01-06,2026-01-13,6808000,115.24,115.24,C,0
2026-01-06,2026-01-13,6809000,114.23,114.23,C,0
2026-01-06,2026-01-13,6810000,113.42,113.42,C,0
2026-01-06,2026-01-13,6811000,112.62,112.62,C,0
2026-01-06,2026-01-13,6812000,111.82,111.82,C,0
2026-01-06,2026-01-13,6813000,110.81,110.81,C,0
2026-01-06,2026-01-13,6814000,110.01,110.01,C,0
2026-01-06,2026-01-13,6815000,109.21,109.21,C,0
2026-01-06,2026-01-13,6816000,108.22,108.22,C,0
2026-01-06,2026-01-13,6817000,107.42,107.42,C,0
2026-01-06,2026-01-13,6818000,106.63,106.63,C,0
2026-01-06,2026-01-13,6819000,105.84,105.84,C,0
2026-01-06,2026-01-13,6820000,104.85,104.85,C,0
2026-01-06,2026-01-13,6821000,104.06,104.06,C,0
2026-01-06,2026-01-13,6822000,103.28,103.28,C,0
2026-01-06,2026-01-13,6823000,102.3,102.3,C,0
2026-01-06,2026-01-13,6824000,101.51,101.51,C,0
2026-01-06,2026-01-13,6825000,100.73,100.73,C,0
2026-01-06,2026-01-13,6826000,99.95,99.95,C,0
2026-01-06,2026-01-13,6827000,98.98,98.98,C,0
2026-01-06,2026-01-13,6828000,98.21,98.21,C,0
2026-01-06,2026-01-13,6829000,97.43,97.43,C,0
2026-01-06,2026-01-13,6830000,96.47,96.47,C,0
2026-01-06,2026-01-13,6831000,95.7,95.7,C,0
2026-01-06,2026-01-13,6832000,94.93,94.93,C,0
2026-01-06,2026-01-13,6833000,94.17,94.17,C,0
2026-01-06,2026-01-13,6834000,93.22,93.22,C,0
2026-01-06,2026-01-13,6835000,92.45,92.45,C,0
2026-01-06,2026-01-13,6836000,91.7,91.7,C,0
2026-01-06,2026-01-13,6837000,90.75,90.75,C,0
2026-01-06,2026-01-13,6838000,90.0,90.0,C,0
2026-01-06,2026-01-13,6839000,89.24,89.24,C,0
2026-01-06,2026-01-13,6840000,88.49,88.49,C,0
2026-01-06,2026-01-13,6841000,87.56,87.56,C,0
2026-01-06,2026-01-13,6842000,86.81,86.81,C,0
2026-01-06,2026-01-13,6843000,86.07,86.07,C,0
2026-01-06,2026-01-13,6844000,85.14,85.14,C,0
2026-01-06,2026-01-13,6845000,84.4,84.4,C,0
2026-01-06,2026-01-13,6846000,83.67,83.67,C,0
2026-01-06,2026-01-13,6847000,82.93,82.93,C,0
2026-01-06,2026-01-13,6848000,82.02,82.02,C,0
2026-01-06,2026-01-13,6849000,81.29,81.29,C,0
2026-01-06,2026-01-13,6850000,80.56,80.56,C,0
2026-01-06,2026-01-13,6851000,79.65,79.65,C,0
2026-01-06,2026-01-13,6852000,78.93,78.93,C,0
2026-01-06,2026-01-13,6853000,78.21,78.21,C,0
2026-01-06,2026-01-13,6854000,77.5,77.5,C,0
2026-01-06,2026-01-13,6855000,76.6,76.6,C,0
2026-01-06,2026-01-13,6856000,75.89,75.89,C,0
2026-01-06,2026-01-13,6857000,75.18,75.18,C,0
2026-01-06,2026-01-13,6858000,74.3,74.3,C,0
2026-01-06,2026-01-13,6859000,73.59,73.59,C,0
2026-01-06,2026-01-13,6860000,72.89,72.89,C,0
2026-01-06,2026-01-13,6861000,72.19,72.19,C,0
2026-01-06,2026-01-13,6862000,71.32,71.32,C,0
2026-01-06,2026-01-13,6863000,70.63,70.63,C,0
2026-01-06,2026-01-13,6864000,69.94,69.94,C,0
2026-01-06,2026-01-13,6865000,69.08,69.08,C,0
2026-01-06,2026-01-13,6866000,68.39,68.39,C,0
2026-01-06,2026-01-13,6867000,67.71,67.71,C,0
2026-01-06,2026-01-13,6868000,67.03,67.03,C,0
2026-01-06,2026-01-13,6869000,66.18,66.18,C,0
2026-01-06,2026-01-13,6870000,65.51,65.51,C,0
2026-01-06,2026-01-13,6871000,64.84,64.84,C,0
2026-01-06,2026-01-13,6872000,64.0,64.0,C,0
2026-01-06,2026-01-13,6873000,63.34,63.34,C,0
2026-01-06,2026-01-13,6874000,62.68,62.68,C,0
2026-01-06,2026-01-13,6875000,62.02,62.02,C,0
2026-01-06,2026-01-13,6876000,61.2,61.2,C,0
2026-01-06,2026-01-13,6877000,60.54,60.54,C,0
2026-01-06,2026-01-13,6878000,59.89,59.89,C,0
2026-01-06,2026-01-13,6879000,59.09,59.09,C,0
2026-01-06,2026-01-13,6880000,58.44,58.44,C,0
2026-01-06,2026-01-13,6881000,57.8,57.8,C,0
2026-01-06,2026-01-13,6882000,57.16,57.16,C,0
2026-01-06,2026-01-13,6883000,56.37,56.37,C,0
2026-01-06,2026-01-13,6884000,55.74,55.74,C,0
2026-01-06,2026-01-13,6885000,55.11,55.11,C,0
2026-01-06,2026-01-13,6886000,54.33,54.33,C,0
2026-01-06,2026-01-13,6887000,53.71,53.71,C,0
2026-01-06,2026-01-13,6888000,53.09,53.09,C,0
2026-01-06,2026-01-13,6889000,52.48,52.48,C,0
2026-01-06,2026-01-13,6890000,51.72,51.72,C,0
2026-01-06,2026-01-13,6891000,51.11,51.11,C,0
2026-01-06,2026-01-13,6892000,50.5,50.5,C,0
2026-01-06,2026-01-13,6893000,49.75,49.75,C,0
2026-01-06,2026-01-13,6894000,49.16,49.16,C,0
2026-01-06,2026-01-13,6895000,48.56,48.56,C,0
2026-01-06,2026-01-13,6896000,47.97,47.97,C,0
2026-01-06,2026-01-13,6897000,47.24,47.24,C,0
2026-01-06,2026-01-13,6898000,46.66,46.66,C,0
2026-01-06,2026-01-13,6899000,46.08,46.08,C,0
2026-01-06,2026-01-13,6900000,45.36,45.36,C,0
2026-01-06,2026-01-13,6901000,44.79,44.79,C,0
2026-01-06,2026-01-13,6902000,44.22,44.22,C,0
2026-01-06,2026-01-13,6903000,43.65,43.65,C,0
2026-01-06,2026-01-13,6904000,42.95,42.95,C,0
2026-01-06,2026-01-13,6905000,42.4,42.4,C,0
2026-01-06,2026-01-13,6906000,41.84,41.84,C,0
2026-01-06,2026-01-13,6907000,41.29,41.29,C,0
2026-01-06,2026-01-13,6908000,40.61,40.61,C,0
2026-01-06,2026-01-13,6909000,40.07,40.07,C,0
2026-01-06,2026-01-13,6910000,39.53,39.53,C,0
2026-01-06,2026-01-13,6911000,38.86,38.86,C,0
2026-01-06,2026-01-13,6912000,38.33,38.33,C,0
2026-01-06,2026-01-13,6913000,37.81,37.81,C,0
2026-01-06,2026-01-13,6914000,37.28,37.28,C,0
2026-01-06,2026-01-13,6915000,36.63,36.63,C,0
2026-01-06,2026-01-13,6916000,36.12,36.12,C,0
2026-01-06,2026-01-13,6917000,35.61,35.61,C,0
2026-01-06,2026-01-13,6918000,34.98,34.98,C,0
2026-01-06,2026-01-13,6919000,34.47,34.47,C,0
2026-01-06,2026-01-13,6920000,33.97,33.97,C,0
2026-01-06,2026-01-13,6921000,33.48,33.48,C,0
2026-01-06,2026-01-13,6922000,32.87,32.87,C,0
2026-01-06,2026-01-13,6923000,32.38,32.38,C,0
2026-01-06,2026-01-13,6924000,31.9,31.9,C,0
2026-01-06,2026-01-13,6925000,31.3,31.3,C,0
2026-01-06,2026-01-13,6926000,30.83,30.83,C,0
2026-01-06,2026-01-13,6927000,30.36,30.36,C,0
2026-01-06,2026-01-13,6928000,29.89,29.89,C,0
2026-01-06,2026-01-13,6929000,29.32,29.32,C,0
2026-01-06,2026-01-13,6930000,28.86,28.86,C,0
2026-01-06,2026-01-13,6931000,28.41,28.41,C,0
2026-01-06,2026-01-13,6932000,27.85,27.85,C,0
2026-01-06,2026-01-13,6933000,27.4,27.4,C,0
2026-01-06,2026-01-13,6934000,26.96,26.96,C,0
2026-01-06,2026-01-13,6935000,26.53,26.53,C,0
2026-01-06,2026-01-13,6936000,25.99,25.99,C,0
2026-01-06,2026-01-13,6937000,25.56,25.56,C,0
2026-01-06,2026-01-13,6938000,25.14,25.14,C,0
2026-01-06,2026-01-13,6939000,24.61,24.61,C,0
2026-01-06,2026-01-13,6940000,24.2,24.2,C,0
2026-01-06,2026-01-13,6941000,23.79,23.79,C,0
2026-01-06,2026-01-13,6942000,23.38,23.38,C,0
2026-01-06,2026-01-13,6943000,22.88,22.88,C,0
2026-01-06,2026-01-13,6944000,22.49,22.49,C,0
2026-01-06,2026-01-13,6945000,22.09,22.09,C,0
2026-01-06,2026-01-13,6946000,21.61,21.61,C,0
2026-01-06,2026-01-13,6947000,21.22,21.22,C,0
2026-01-06,2026-01-13,6948000,20.85,20.85,C,0
2026-01-06,2026-01-13,6949000,20.47,20.47,C,0
2026-01-06,2026-01-13,6950000,20.01,20.01,C,0
2026-01-06,2026-01-13,6951000,19.64,19.64,C,0
2026-01-06,2026-01-13,6952000,19.28,19.28,C,0
2026-01-06,2026-01-13,6953000,18.83,18.83,C,0
2026-01-06,2026-01-13,6954000,18.48,18.48,C,0
2026-01-06,2026-01-13,6955000,18.13,18.13,C,0
2026-01-06,2026-01-13,6956000,17.79,17.79,C,0
2026-01-06,2026-01-13,6957000,17.36,17.36,C,0
2026-01-06,2026-01-13,6958000,17.03,17.03,C,0
2026-01-06,2026-01-13,6959000,16.7,16.7,C,0
2026-01-06,2026-01-13,6960000,16.29,16.29,C,0
2026-01-06,2026-01-13,6961000,15.97,15.97,C,0
2026-01-06,2026-01-13,6962000,15.65,15.65,C,0
2026-01-06,2026-01-13,6963000,15.34,15.34,C,0
2026-01-06,2026-01-13,6964000,14.95,14.95,C,0
2026-01-06,2026-01-13,6965000,14.65,14.65,C,0
2026-01-06,2026-01-13,6966000,14.35,14.35,C,0
2026-01-06,2026-01-13,6967000,13.98,13.98,C,0
2026-01-06,2026-01-13,6968000,13.68,13.68,C,0
2026-01-06,2026-01-13,6969000,13.4,13.4,C,0
2026-01-06,2026-01-13,6970000,13.11,13.11,C,0
2026-01-06,2026-01-13,6971000,12.77,12.77,C,0
2026-01-06,2026-01-13,6972000,12.49,12.49,C,0
2026-01-06,2026-01-13,6973000,12.22,12.22,C,0
2026-01-06,2026-01-13,6974000,11.89,11.89,C,0
2026-01-06,2026-01-13,6975000,11.63,11.63,C,0
2026-01-06,2026-01-13,6976000,11.37,11.37,C,0
2026-01-06,2026-01-13,6977000,11.12,11.12,C,0
2026-01-06,2026-01-13,6978000,10.81,10.81,C,0
2026-01-06,2026-01-13,6979000,10.56,10.56,C,0
2026-01-06,2026-01-13,6980000,10.32,10.32,C,0
2026-01-06,2026-01-13,6981000,10.02,10.02,C,0
2026-01-06,2026-01-13,6982000,9.79,9.79,C,0
2026-01-06,2026-01-13,6983000,9.56,9.56,C,0
2026-01-06,2026-01-13,6984000,9.34,9.34,C,0
2026-01-06,2026-01-13,6985000,9.06,9.06,C,0
2026-01-06,2026-01-13,6986000,8.85,8.85,C,0
2026-01-06,2026-01-13,6987000,8.63,8.63,C,0
2026-01-06,2026-01-13,6988000,8.37,8.37,C,0
2026-01-06,2026-01-13,6989000,8.17,8.17,C,0
2026-01-06,2026-01-13,6990000,7.97,7.97,C,0
2026-01-06,2026-01-13,6991000,7.77,7.77,C,0
2026-01-06,2026-01-13,6992000,7.53,7.53,C,0
2026-01-06,2026-01-13,6993000,7.34,7.34,C,0
2026-01-06,2026-01-13,6994000,7.16,7.16,C,0
2026-01-06,2026-01-13,6995000,6.93,6.93,C,0
2026-01-06,2026-01-13,6996000,6.75,6.75,C,0
2026-01-06,2026-01-13,6997000,6.58,6.58,C,0
2026-01-06,2026-01-13,6998000,6.41,6.41,C,0
2026-01-06,2026-01-13,6999000,6.2,6.2,C,0
2026-01-06,2026-01-13,7000000,6.03,6.03,C,0
2026-01-06,2026-01-13,7001000,5.87,5.87,C,0
2026-01-06,2026-01-13,7002000,5.72,5.72,C,0
2026-01-06,2026-01-13,7003000,5.52,5.52,C,0
2026-01-06,2026-01-13,7004000,5.37,5.37,C,0
2026-01-06,2026-01-13,7005000,5.23,5.23,C,0
2026-01-06,2026-01-13,7006000,5.05,5.05,C,0
2026-01-06,2026-01-13,7007000,4.91,4.91,C,0
2026-01-06,2026-01-13,7008000,4.77,4.77,C,0
2026-01-06,2026-01-13,7009000,4.64,4.64,C,0
2026-01-06,2026-01-13,7010000,4.48,4.48,C,0
2026-01-06,2026-01-13,7011000,4.35,4.35,C,0
2026-01-06,2026-01-13,7012000,4.23,4.23,C,0
2026-01-06,2026-01-13,7013000,4.07,4.07,C,0
2026-01-06,2026-01-13,7014000,3.96,3.96,C,0
2026-01-06,2026-01-13,7015000,3.84,3.84,C,0
2026-01-06,2026-01-13,7016000,3.73,3.73,C,0
2026-01-06,2026-01-13,7017000,3.59,3.59,C,0
2026-01-06,2026-01-13,7018000,3.49,3.49,C,0
2026-01-06,2026-01-13,7019000,3.38,3.38,C,0
2026-01-06,2026-01-13,7020000,3.26,3.26,C,0
2026-01-06,2026-01-13,7021000,3.16,3.16,C,0
2026-01-06,2026-01-13,7022000,3.06,3.06,C,0
2026-01-06,2026-01-13,7023000,2.97,2.97,C,0
2026-01-06,2026-01-13,7024000,2.86,2.86,C,0
2026-01-06,2026-01-13,7025000,2.77,2.77,C,0
2026-01-06,2026-01-13,7026000,2.68,2.68,C,0
2026-01-06,2026-01-13,7027000,2.58,2.58,C,0
2026-01-06,2026-01-13,7028000,2.5,2.5,C,0
2026-01-06,2026-01-13,7029000,2.42,2.42,C,0
2026-01-06,2026-01-13,7030000,2.34,2.34,C,0
2026-01-06,2026-01-13,7031000,2.25,2.25,C,0
2026-01-06,2026-01-13,7032000,2.18,2.18,C,0
2026-01-06,2026-01-13,7033000,2.11,2.11,C,0
2026-01-06,2026-01-13,7034000,2.03,2.03,C,0
2026-01-06,2026-01-13,7035000,1.96,1.96,C,0
2026-01-06,2026-01-13,7036000,1.9,1.9,C,0
2026-01-06,2026-01-13,7037000,1.83,1.83,C,0
2026-01-06,2026-01-13,7038000,1.76,1.76,C,0
2026-01-06,2026-01-13,7039000,1.7,1.7,C,0
2026-01-06,2026-01-13,7040000,1.65,1.65,C,0
2026-01-06,2026-01-13,7041000,1.58,1.58,C,0
2026-01-06,2026-01-13,7042000,1.53,1.53,C,0
2026-01-06,2026-01-13,7043000,1.48,1.48,C,0
2026-01-06,2026-01-13,7044000,1.43,1.43,C,0
2026-01-06,2026-01-13,7045000,1.37,1.37,C,0
2026-01-06,2026-01-13,7046000,1.32,1.32,C,0
2026-01-06,2026-01-13,7047000,1.28,1.28,C,0
2026-01-06,2026-01-13,7048000,1.22,1.22,C,0
2026-01-06,2026-01-13,7049000,1.18,1.18,C,0
2026-01-06,2026-01-13,7050000,1.14,1.14,C,0
2026-01-06,2026-01-13,7051000,1.1,1.1,C,0
2026-01-06,2026-01-13,7052000,1.06,1.06,C,0
2026-01-06,2026-01-13,7053000,1.02,1.02,C,0
2026-01-06,2026-01-13,7054000,0.99,0.99,C,0
2026-01-06,2026-01-13,7055000,0.94,0.94,C,0
2026-01-06,2026-01-13,7056000,0.91,0.91,C,0
2026-01-06,2026-01-13,7057000,0.88,0.88,C,0
2026-01-06,2026-01-13,7058000,0.85,0.85,C,0
2026-01-06,2026-01-13,7059000,0.81,0.81,C,0
2026-01-06,2026-01-13,7060000,0.79,0.79,C,0
2026-01-06,2026-01-13,7061000,0.76,0.76,C,0
2026-01-06,2026-01-13,7062000,0.73,0.73,C,0
2026-01-06,2026-01-13,7063000,0.7,0.7,C,0
2026-01-06,2026-01-13,7064000,0.68,0.68,C,0
2026-01-06,2026-01-13,7065000,0.66,0.66,C,0
2026-01-06,2026-01-13,7066000,0.63,0.63,C,0
2026-01-06,2026-01-13,7067000,0.61,0.61,C,0
2026-01-06,2026-01-13,7068000,0.59,0.59,C,0
2026-01-06,2026-01-13,7069000,0.56,0.56,C,0
2026-01-06,2026-01-13,7070000,0.54,0.54,C,0
2026-01-06,2026-01-13,7071000,0.52,0.52,C,0
2026-01-06,2026-01-13,7072000,0.51,0.51,C,0
2026-01-06,2026-01-13,7073000,0.48,0.48,C,0
2026-01-06,2026-01-13,7074000,0.47,0.47,C,0
2026-01-06,2026-01-13,7075000,0.45,0.45,C,0
2026-01-06,2026-01-13,7076000,0.43,0.43,C,0
2026-01-06,2026-01-13,7077000,0.42,0.42,C,0
2026-01-06,2026-01-13,7078000,0.41,0.41,C,0
2026-01-06,2026-01-13,7079000,0.39,0.39,C,0
2026-01-06,2026-01-13,7080000,0.38,0.38,C,0
2026-01-06,2026-01-13,7081000,0.36,0.36,C,0
2026-01-06,2026-01-13,7082000,0.35,0.35,C,0
2026-01-06,2026-01-13,7083000,0.34,0.34,C,0
2026-01-06,2026-01-13,7084000,0.33,0.33,C,0
2026-01-06,2026-01-13,7085000,0.32,0.32,C,0
2026-01-06,2026-01-13,7086000,0.31,0.31,C,0
2026-01-06,2026-01-13,7087000,0.29,0.29,C,0
2026-01-06,2026-01-13,7088000,0.28,0.28,C,0
2026-01-06,2026-01-13,7089000,0.28,0.28,C,0
2026-01-06,2026-01-13,7090000,0.26,0.26,C,0
2026-01-06,2026-01-13,7091000,0.26,0.26,C,0
2026-01-06,2026-01-13,7092000,0.25,0.25,C,0
2026-01-06,2026-01-13,7093000,0.24,0.24,C,0
2026-01-06,2026-01-13,7094000,0.23,0.23,C,0
2026-01-06,2026-01-13,7095000,0.22,0.22,C,0
2026-01-06,2026-01-13,7096000,0.22,0.22,C,0
2026-01-06,2026-01-13,7097000,0.21,0.21,C,0
2026-01-06,2026-01-13,7098000,0.2,0.2,C,0
2026-01-06,2026-01-13,7099000,0.2,0.2,C,0
2026-01-06,2026-01-13,7100000,0.19,0.19,C,0
